doc_id,amount,entities,context
565,$21.61,Garcia,"targeted the annual grant based on a 10-day average stock price as of April 2, 2018 ($21.61). Based on that price, Mr. Garcia would have received 15,988"
565,$44.21,,"received 13,190 options and 7,635 RSUs. However, the grants were not awarded until mid-July when the stock price had more than doubled ($44.21). To"
565,"$393,298 ",Garcia,"April 30, 2018, to the NEOs other than the CEO; the CEO received his award on May 1, 2018. Mr. Garcia was granted 14,572 RSUs ($393,298 grant"
565,"$358,081 ","Huston, Jenkins, Keeton, Gill","value), Messrs. Jenkins and Huston 13,662 RSUs ($358,081 grant value), and Messrs. Keeton and Gill 12,022 RSUs ($315,097 grant value). All of these"
565,"$10,562",,"grant date fair value of $10,562."
575,$5 m,ATRA,"income tax liability. On the transfer tax front, ATRA also made permanent the $5 million basic exclusion"
575,$5.34 m,,"2014, will increase to $5.34 million, the same amount as the generation-skipping transfer tax exemption)."
703,$5K,,"other place but they only have $5K USD total, which includes the $4K fee they originally offered me. I am"
798,$1 m,Brunel’s,"$1 million wire transfer to Brunel’s offshore bank account in September 2004, just as he was"
828,$96 m,,"unknown—$96 million, thereby providing a clean payment of $55 million to"
858,$2,,4 Million Square Feet of The $2.5 billion convention center expansion will generate an
963,$5K,,"other place but they only have $5K USD total, which includes the $4K fee they originally offered me. I am"
1068,$2 m,,received $2 milliolil in grants from
1124,$4 ,,"breakfast with coffee and orange juice, I paid $4 U.S. The Indian outsourcers cost between $4–10 U.S."
1124,$4,,"client feedback reviews on Elance enabled me to find my best VA to date, who costs $4/hour. Similar"
1124,$325 ,,full retail price (1% of $325 = $3.25) for the Yahoo Store transaction fee and 2.5% for the credit card
1124,$325 ,Doug,"processing fee (2.5% of $325 = $8.13), Doug is left with a pretax profit of $167.38 for this one sale."
1124,$1 ,,and are charged a small fee from $.05 to over $1 each time someone clicks through to their site. For a
1124,$99 ,,that she decides to set up a Yahoo Store for $99 per month and a small per-transaction fee. Her credit
1124,$15,eBay,"From $15–500 per month, plus eBay fees."
1124,$300,,dental coverage—the same provider and network—for $300–500 per month. To transfer my 401(k) to
1324,$1m,,There is $1mm in the bank account. We can prepare checks or wires for you to sign upon request. This way
1587,$1 m,the Princess Grace,celebrating their new charity partnership and $1 million dollar donation to the Princess Grace
1681,$123,,"programs that started with ""urban renewal"" in the 1950's. **Social Security’s F2010 expense excludes ~$123B payments to"
1862,$ 400.00,,"06/20/2016 1 COMPLAINT against All Defendants. (Filing Fee $ 400.00, Receipt Number 0208-"
1891,$119 ,H.M.O.,"H.M.O. It paid $119 to settle the grandmother’s $2, 168 bill, without specifying how much of the payment was for the IV. It"
1978,$55 m,,"providing a clean payment of $55 million to someone. Rybolovlev might have, in effect,"
2006,$1m,,There is $1mm in the bank account. We can prepare checks or wires for you to sign upon request. This way
2137,"$2,888,093",,"management fees $2,888,093"
2137,"$1,000,001 ",,"$1,000,001 - $5,000,000 development fees"
2197,"$50,000 ","AUSA, Epstein","In addition, the federal government would require me to pay a minimum of $50,000 to each woman on a list of women that they would choose.   A list that would be kept secret; no names on their list wou"
2197,"$800,000",Gerald Lefcourt,"While I was serving my sentence, my lawyers were able to come see me in jail. Only two months after being incarcerated, my in house lawyer came to see me to tell me that we were now conducting an audi"
2197,"$100,000 ","the Department of Justice, the Department of Justice, Guy Lewis, Alex Acosta, Mike Tein, Lewis, Lewis, Tein","I was told that I should hire Guy Lewis, a former US Attorney in the Southern District. Lewis, a southern style gentleman; white suits, fast cars; said he had a great relationship with the current US "
2308,"$2,000 ",Snowden,"with a private instructor. It cost $2,000 in tuition and fees, which Snowden prepaid from Japan"
2366,$4 m,,of over $4 million and falsely characterized the payments
2462,"$100,000 ","the Palm Beach Police, Jeffrey Epstein","and making [speaking of Jeffrey Epstein] frequent $100,000 donations to the Palm Beach Police"
2521,$10K,,can send along an invoice and contribution letter for your $10K donation toward the chairs.
2676,$10K,,can send along an invoice and contribution letter for your $10K donation toward the chairs.
2744,$10k,,1st and 2'd page. The whole process will take about a year to be solidified. Fees will be approx. $10k -$15k
2892,"$1,702,003",NY,"Location: New York, NY management! fees $1,702,003]"
2914,$640 m,Deutsch Bank,making payments on a $640 million Deutsch Bank loan — $40 million of which he guaranteed personally — he
3046,"$294,349.15 ",,"$294,349.15 in interest payments"
3236,$40 ,,from directly from your own foundation. All payments to be made in addtion to currently owed. so $40 on
3263,$150.00 ,"Gerry, Hoffman, Gerry, Ochstein, Gerry, Fried, Gerry, Ballentine, Gerry","Code Enforcement Officer Gerry presented the facts of the case and said the Town recommends a finding of non-compliance, administrative costs in the amount of $150.00 and payment of the fire inspectio"
3263,$150.00 ,,"MOTION BY MR. FRIED TO FIND THE VIOLATOR IN NON-COMPLIANCE, ASSESS ADMINISTRATIVE COSTS IN THE AMOUNT OF $150.00 AND ORDER THEM TO PAY THE FIRE INSPECTION FEE IN ADDITION TO ANY LATE PENALTIES AND COS"
3263,$150.00 ,Gerry,Code Enforcement Officer Gerry presented the facts of the case and said he followed up after the certified letters were sent but the business could not be contacted.  The Town recommends a finding of 
3263,$150.00 ,MOTION,"MOTION BY MS. GREENBERG TO FIND THE VIOLATOR IN NON-COMPLIANCE, ASSESS ADMINISTRATIVE COSTS IN THE AMOUNT OF $150.00 AND ORDER THEM TO PAY THE FIRE INSPECTION FEE IN ADDITION TO ANY LATE PENALTIES AND"
3263,$150.00 ,"Board, Code Enforcement, the Finance Department, the Fire Prevention Bureau, Fire Prevention, Gerry, Gerry, Ochstein, Gerry, Hoffman, Gerry, Hoffman, Gerry","Code Enforcement Officer Gerry presented the facts of the case and recommended a finding of non-compliance, administrative costs in the amount of $150.00 and payment of the fire inspection fee in addi"
3263,$150.00 ,,"MOTION BY MR. OCHSTEIN TO FIND THE VIOLATOR IN NON-COMPLIANCE, ASSESS ADMINISTRATIVE COSTS IN THE AMOUNT OF $150.00 AND ORDER THEM TO PAY THE FIRE INSPECTION FEE IN ADDITION TO ANY LATE PENALTIES AND "
3263,$150.00 ,"Gerry, Robin Gert",Code Enforcement Officer Gerry presented the facts of the case and said he had spoken with Robin Gert who advised him the bill had been mishandled and gotten lost in their system.  He said he spoke to
3263,$150.00 ,,"MOTION MADE BY MS. GREENBERG TO FIND THE VIOLATOR IN NON-COMPLIANCE, ASSESS ADMINISTRATIVE COSTS IN THE AMOUNT OF $150.00 AND ORDER THEM TO PAY THE FIRE INSPECTION FEE IN ADDITION TO ANY LATE PENALTIE"
3263,$125.00 ,Weymer,"Code Enforcement Officer Weymer presented the facts of the case and said he witnessed the violation on June 26, 2008.  AMF had previously been warned on February 19, 2008 for using a leaf blower over "
3263,$850,"Board, Vivian Dorris, Charlie, Lynn’s, Duke","Vivian Dorris, 155 Brazilian Ave. said her beagle/bassett, Charlie, was viciously attacked by Dr. Lynn’s dog, Duke and she has sustained approximately $8500 in vet’s bills.  She said her dog will neve"
3263,$100,"Duke, Duke, Council, the Code Enforcement Board, Board, Court, Board, the Code Enforcement Board, Board, Board’s, Board, James Merola, Lynn, Lynn, Lynn, Merola, Lynn, Merola, Lynn, Merola, Lynn, Lynn, Merola, Randolph, Hoy, Hoy, Lynn, Merola, Merola, Merola, Merola, Randolph","James Merola was present on behalf of Dr. Lynn and said he was present on a revised Notice of Code Violation and Hearing dated July 15, 2008.  He said he was not denying there were incidents with Duke"
3263,"$10,000 ","the Department of Environmental Protection, DEP, the State Fish & Wildlife, Maxey, Maxey, Maxey, Maxey, Jean Higgins, Higgins","Mr. Maxey said he has had a long correspondence with the legal department of the Department of Environmental Protection and he believes on an emotional level, they do not believe the trees should come"
3263,$250.00 ,,"MOTION BY MR. OCHSTEIN TO GRANT THE VIOLATOR UNTIL NOVEMBER 7, 2008 TO COME INTO COMPLIANCE AND IF COMPLIANCE IS NOT ACHIEVED BY THAT DATE, TO ASSESS A FINE IN THE AMOUNT OF $250.00 A DAY UNTIL COMPLI"
3263,$250.00 ,,"MOTION BY MR. OCHSTEIN TO GRANT THE VIOLATOR UNTIL NOVEMBER 7, 2008 TO COME INTO COMPLIANCE AND IF COMPLIANCE IS NOT ACHIEVED BY THAT DATE, TO ASSESS A FINE IN THE AMOUNT OF $250.00 A DAY UNTIL COMPLI"
3263,$250.00,RETROACTIVE,"MOTION BY MR. OCHSTEIN TO GRANT AN EXTENSION OF TIME UNTIL AUGUST 8, 2008 TO COME INTO COMPLIANCE AND TO ASSESS A FINE OF $250.00, RETROACTIVE TO JULY 17, 2008 IF COMPLIANCE WAS NOT ACHIEVED"
3263,$250.00,RETROACTIVE,"MOTION BY MR. OCHSTEIN TO GRANT AN EXTENSION OF TIME UNTIL AUGUST 8, 2008 TO COME INTO COMPLIANCE AND TO ASSESS A FINE OF $250.00, RETROACTIVE TO JULY 17, 2008 IF COMPLIANCE WAS NOT ACHIEVED"
3263,$150 ,"Board, The Landfall Group, the Town of Palm Beach, Board, The Landfall Group, Code Enforcement, Town Council, Hurricane Wilma, Board, Board, Lazslo Wagner, Koeppel, Duemler, Lynch, Walton, Duemler, Lynch, Gerry","Ajax.  He said when they appeared before the Board in October, Lazslo Wagner, the principal of The Landfall Group, who has built homes throughout the Town of Palm Beach for 26 years acknowledged that "
3263,"$17,125.00 ","Fried, Walton, Lynch, Hoffman, Hoffman, Fried, Walton, Hoffman",Mr. Fried advised he could make a motion to postpone the matter to the next meeting and have Mr. Walton bring back the correct information.  There was additional discussion about the amount of the fin
3309,"$29,338",,"($29,338). Funds transferred overseas are prohibited from"
3309,$25,,Fees for managed assets invested in house funds typically run from 1% (for up to $25
3309,"$100,000 ",,"million; new clients are generally subject to a minimum $100,000 annual fee. Pure"
3444,$150 ,,"almost immediately upon arriving and paying his $150 registration fee, he had attracted"
3604,$640 m,Deutsch Bank,making payments on a $640 million Deutsch Bank loan — $40 million of which he guaranteed personally — he
3624,$20,KUE,"acquisitions, professional fees and other administrative expenses), KUE has an obligation to pay $20"
3624,$2,KUE,"Payment Agreement. Of this amount, $2.5 million will be paid to KUE by KLC pursuant to the existing"
3624,"$8,250,000 ",,"the reai property each company respectively owns, in return for a total annuai fee of $8,250,000 payable"
3659,$250.00 ,"Town, Weymer","Code Enforcement Officer Weymer presented the facts of the case and said the fine of $250.00 had been paid prior to today’s meeting.  He said the Town recommended a finding of non-compliance, acceptan"
3659,$125.00 ,Weymer,"Code Enforcement Officer Weymer presented the facts of the case and said the violation occurred on March 18, 2008 in front of 1060 N. Ocean Blvd.  He said he had issued a previous written warning to t"
3674,$150.00 ,"Gerry, Hoffman, Gerry, Ochstein, Gerry, Fried, Gerry, Ballentine, Gerry","Code Enforcement Officer Gerry presented the facts of the case and said the Town recommends a finding of non-compliance, administrative costs in the amount of $150.00 and payment of the fire inspectio"
3674,$150.00 ,,"MOTION BY MR. FRIED TO FIND THE VIOLATOR IN NON-COMPLIANCE, ASSESS ADMINISTRATIVE COSTS IN THE AMOUNT OF $150.00 AND ORDER THEM TO PAY THE FIRE INSPECTION FEE IN ADDITION TO ANY LATE PENALTIES BY JULY"
3674,$150.00 ,Gerry,Code Enforcement Officer Gerry presented the facts of the case and said he followed up after the certified letters were sent but the business could not be contacted.  The Town recommends a finding of 
3674,$150.00 ,MOTION,"MOTION BY MS. GREENBERG TO FIND THE VIOLATOR IN NON-COMPLIANCE, ASSESS ADMINISTRATIVE COSTS IN THE AMOUNT OF $150.00 AND ORDER THEM TO PAY THE FIRE INSPECTION FEE IN ADDITION TO ANY LATE PENALTIES BY "
3674,$150.00 ,"Board, Code Enforcement, the Finance Department, the Fire Prevention Bureau, Fire Prevention, Gerry, Gerry, Ochstein, Gerry, Hoffman, Gerry, Hoffman, Gerry","Code Enforcement Officer Gerry presented the facts of the case and recommended a finding of non-compliance, administrative costs in the amount of $150.00 and payment of the fire inspection fee in addi"
3674,$150.00 ,,"MOTION BY MR. OCHSTEIN TO FIND THE VIOLATOR IN NON-COMPLIANCE, ASSESS ADMINISTRATIVE COSTS IN THE AMOUNT OF $150.00 AND ORDER THEM TO PAY THE FIRE INSPECTION FEE IN ADDITION TO ANY LATE PENALTIES BY J"
3674,$150.00 ,"Gerry, Robin Gert",Code Enforcement Officer Gerry presented the facts of the case and said he had spoken with Robin Gert who advised him the bill had been mishandled and gotten lost in their system.  He said he spoke to
3674,$150.00 ,,"MOTION MADE BY MS. GREENBERG TO FIND THE VIOLATOR IN NON-COMPLIANCE, ASSESS ADMINISTRATIVE COSTS IN THE AMOUNT OF $150.00 AND ORDER THEM TO PAY THE FIRE INSPECTION FEE IN ADDITION TO ANY LATE PENALTIE"
3674,$125.00 ,Weymer,"Code Enforcement Officer Weymer presented the facts of the case and said he witnessed the violation on June 26, 2008.  AMF had previously been warned on February 19, 2008 for using a leaf blower over "
3674,$850,"Board, Vivian Dorris, Charlie, Lynn’s, Duke","Vivian Dorris, 155 Brazilian Ave., said her beagle/bassett, Charlie, was viciously attacked by Dr. Lynn’s dog, Duke and she has sustained approximately $8500 in vet’s bills.  She said her dog will nev"
3674,$100,"Duke, Duke, Council, the Code Enforcement Board, Town, Board, Court, Board, the Code Enforcement Board, Board, Board’s, Board, James Merola, Lynn, Lynn, Lynn, Merola, Lynn, Merola, Lynn, Merola, Lynn, Lynn, Merola, Randolph, Hoy, Hoy, Lynn, Merola, Merola, Merola, Merola, Randolph","James Merola was present on behalf of Dr. Lynn and said he was present on a revised Notice of Code Violation and Hearing dated July 15, 2008.  He said he was not denying there were incidents with Duke"
3674,"$10,000 ","the Department of Environmental Protection, DEP, the State Fish & Wildlife, Maxey, Maxey, Maxey, Maxey, Jean Higgins, Higgins","Mr. Maxey said he has had a long correspondence with the legal department of the Department of Environmental Protection and he believes on an emotional level, they do not believe the trees should come"
3674,$250.00 ,,"MOTION BY MR. OCHSTEIN TO GRANT THE VIOLATOR UNTIL NOVEMBER 7, 2008 TO COME INTO COMPLIANCE AND IF COMPLIANCE IS NOT ACHIEVED BY THAT DATE, TO ASSESS A FINE IN THE AMOUNT OF $250.00 A DAY UNTIL COMPLI"
3674,$250.00 ,,"MOTION BY MR. OCHSTEIN TO GRANT THE VIOLATOR UNTIL NOVEMBER 7, 2008 TO COME INTO COMPLIANCE AND IF COMPLIANCE IS NOT ACHIEVED BY THAT DATE, TO ASSESS A FINE IN THE AMOUNT OF $250.00 A DAY UNTIL COMPLI"
3674,$250.00,RETROACTIVE,"MOTION BY MR. OCHSTEIN TO GRANT AN EXTENSION OF TIME UNTIL AUGUST 8, 2008 TO COME INTO COMPLIANCE AND TO ASSESS A FINE OF $250.00, RETROACTIVE TO JULY 17, 2008 IF COMPLIANCE WAS NOT ACHIEVED"
3674,$250.00,RETROACTIVE,"MOTION BY MR. OCHSTEIN TO GRANT AN EXTENSION OF TIME UNTIL AUGUST 8, 2008 TO COME INTO COMPLIANCE AND TO ASSESS A FINE OF $250.00, RETROACTIVE TO JULY 17, 2008 IF COMPLIANCE WAS NOT ACHIEVED"
3674,$150 ,"The Landfall Group, Ajax, Board, The Landfall Group, the Town of Palm Beach, Board, The Landfall Group, Code Enforcement, Town Council, Hurricane Wilma, Board, Board, Frank Lynch, Lazslo Wagner, Koeppel, Duemler, Lynch, Walton, Duemler, Lynch, Gerry","Frank Lynch advised he was the attorney for both The Landfall Group and	Ajax.  He said when they appeared before the Board in October, Lazslo Wagner, the principal of The Landfall Group, who has built"
3674,"$17,125.00 ","Fried, Walton, Lynch, Hoffman, Hoffman, Fried, Walton, Hoffman",Mr. Fried advised he could make a motion to postpone the matter to the next meeting and have Mr. Walton bring back the correct information.  There was additional discussion about the amount of the fin
3778,$750,,"replacement servers, but his fee of $7500 balance is now due if you want"
3794,$74,APO,where APO earns a fee on ~$74b of assets and should benefit from
3794,$24,,additional management fees from the company's most recent $24b
3872,$5K,,"other place but they only have $5K USD total, which includes the $4K fee they originally offered me. I am"
3899,$12K,,Annual Payments per Beneficiary Up 2x to $12K From 1957 to 2009
3916,$14,"Social Security, Medicare, Freddie Mac",Social Security and Medicare on an accrual basis over the next 75 years. *One-time expenses in F2008 include $14B payments to Freddie Mac; F2009
3916,$279,Fannie Mae & Freddie Mac,"includes $279B net TARP payouts, $97B payment to Fannie Mae & Freddie Mac and $40B stimulus spending on discretionary items; F2010E includes $26B"
3916,$137,Fannie Mae & Freddie Mac,"net TARP income, $137B stimulus spending and $41B payment to Fannie Mae & Freddie Mac. F2010 net worth improved dramatically owing to revised"
3916,$14,"Social Security, Medicare, Freddie Mac",Social Security and Medicare on an accrual basis over the next 75 years. *One-time expenses in F2008 include $14B payments to Freddie Mac; F2009
3916,$279,Fannie Mae & Freddie Mac,"includes $279B net TARP payouts, $97B payment to Fannie Mae & Freddie Mac and $40B stimulus spending on discretionary items; F2010 includes $26B net"
3916,$137,Fannie Mae & Freddie Mac,"TARP income, $137B stimulus spending and $41B payment to Fannie Mae & Freddie Mac. F2010 net worth improved dramatically owing to revised actuarial"
3916,$123,,"programs that started with ""urban renewal"" in the 1950’s. **Social Security’s F2010 expense excludes ~$123B payments to"
3916,"$4,684 ",,"average of $4,684 in tax-payer funded payments from the federal"
3916,"$8,325 ",,"of $8,325 in tax-payer funded payments for healthcare in 2009 ($5,079"
3916,$149 billion,,families and indoor tanning services + $149 billion in penalty payments by
3916,$12K,,Annual Payments per Beneficiary Up 2x to $12K From 1957 to 2009
3916,"$11,826 ",Social Security,"average of $11,826 (in 2005 dollars) in Social Security payments"
3916,$187 ,Net Interest Payments,Net Interest Payments ($B) $187 $196 $207 $242 $321 $418 $494 $562 22%
3916,$250 billion,,$250 billion in repayment and warrant proceeds for a net outstanding
3916,$2,"Citigroup, the Asset Guarantee",Note: 1) Includes warrant proceeds from banks; *Citigroup’s repayments include $2.3B repayment on the Asset Guarantee
3916,$20 ,• Patient,"• Patient #1 covered by a plan with a $20 co-pay (i.e., a flat fee regardless of the level or"
3916,$38,,"Expand ACOs, payment bundling, and other payment reform $38"
3916,"$1,649",Net Interest,"Net Interest Payments $1,649"
3916,"$4,679 ",,"$4,679 in annual pension payments per worker to former workers."
3949,$96 m,LLC,"LLC—actual owner unknown—$96 million, thereby providing a clean payment of $55"
3962,$4,PIF,"(1.5% of GDP), which entails transfers of US$4bn from the PIF and USS5bn from SAMA."
4046,$5 m,"Travel Related Services Co., CMP",Travel Related Services Co. (AETRSC) also was assessed a $5 million CMP. Cross-border payment
4146,"$60,000",,"Annual retainer $60,000"
4146,"$20,000",,"Additional retainer for lead director $20,000"
4146,$21.61,Garcia,"targeted the annual grant based on a 10-day average stock price as of April 2, 2018 ($21.61). Based on that price, Mr. Garcia would have received 15,988"
4146,$44.21,,"received 13,190 options and 7,635 RSUs. However, the grants were not awarded until mid-July when the stock price had more than doubled ($44.21). To"
4146,"$393,298 ",Garcia,"April 30, 2018, to the NEOs other than the CEO; the CEO received his award on May 1, 2018. Mr. Garcia was granted 14,572 RSUs ($393,298 grant"
4146,"$358,081 ","Huston, Jenkins, Keeton, Gill","value), Messrs. Jenkins and Huston 13,662 RSUs ($358,081 grant value), and Messrs. Keeton and Gill 12,022 RSUs ($315,097 grant value). All of these"
4146,"$10,562",,"grant date fair value of $10,562."
4146,$0.00,,"(2) These Class B Units (the “B1 Units”) were granted on March 24, 2015, with a participation threshold of $0.00; 200,000 of which vested on July 1,"
4146,$4.87,,"(3) These Class B Units (the “B2 Units”) were granted on March 24, 2015, with a participation threshold of $4.878; 20% vested on March 1, 2016, and"
4146,$4.87,,"(4) These B2 Units were granted on January 29, 2016, with a participation threshold of $4.878; 20% vested on March 1, 2016, and the remaining amount"
4146,$5.81,the “B3 Units,"(5) These Class B Units (the “B3 Units”) were granted on October 21, 2016, with a participation threshold of $5.8114; 20% vested on January 1, 2017,"
4146,$12.00,,"(6) These Class B Units (the “B4 Units”) were granted on April 27, 2017, with a participation threshold of $12.000; 20% vest on February 1, 2018, and"
4146,$0.00,,"(7) These B1 Units were granted on March 24, 2015, with a participation threshold of $0.00; 20% vested on March 1, 2016, and the remaining amount"
4146,$454,,"permits up to $454.5 million in principal balances of finance receivables to be purchased, and the 2017 Master Transfer Agreement’s purchase commitment"
4146,$454,,"“Refinancing Transfer Agreements”. As of December 31, 2018, there was approximately $454.5 million of unused capacity under 2017 Master Transfer"
4146,$477,,$477.9 million in principal balances of finance receivables under these transfer agreements.
4146,$1,,approximately $1.9 million related to payments for excess reserves to which it expects to be entitled.
4146,$2,DriveTime,per-vehicle fee to DriveTime to administer the limited warranty included with every purchase. We incurred costs of approximately $2.2 million during the
4146,"$1,524,986",,"Audit Fees $1,524,986(1) $1,061,451(3)"
4146,"$ 349,220",,"Tax Fees $ 349,220(2) $ 110,489"
4146,"$475,782 ",,"(3) Includes $475,782 in fees related to our initial public offering in April 2017 that were reported in “All Other Fees” in our proxy statement prepared in"
4157,$600 m,"SHC, Ashton Compl, SHC, Ashton Compl, SHC, Ashton Compl, Federal Compl, SHC, Ashton Compl, Federal Compl, SHC, Defendant Taibah, Ashton Compl, SHC, Ashton Compl, Burnett Compl, Burnett Compl, Prince Salman, Burnett, Burnett Compl, the bin Laden Establishment, bin Laden, Burnett Compl, Burnett Compl","SHC allegedly has contributed $600 million to aid “Bosnian Muslims impoverished by the country’s recent civil war.” (Ashton Compl. ¶ 446; Burnett Compl. ¶ 392.) Plaintiffs claim, however, that SHC doe"
4157,$39 m,"Council of Ministers, SHC, al Qaeda, Ashton Compl, Federal Compl, Federal RICO Statement Applicable, Federal Plaintiffs, SHC, al Qaida, Federal Compl, SHC, Ashton Compl, Ashton Compl, the General Donation Committee, Ashton Compl, Prince Salman, Prince Salman Mem., Prince Salman, Osama bin Laden, Burnett Compl, Salman, Prince Salman, Burnett Compl, Prince Salman, Yasser Arafat’s, Burnett Compl, Salman, Burnett Compl","Prince Salman is a member of the Kingdom of Saudi Arabia’s Council of Ministers, the governor of the province of Riyadh, and the President of Defendant SHC. (Prince Salman Mem. in Sup. Mot. to Dismiss"
4157,$74 m,"Federal, SJRC, al Qaida, SJRC bureaus, Federal Compl, Naif, the Saudi Committee for Relief, al Qaida’s, the Saudi Arabian Committee for Support of the Intifada al Quds, Hamas, Ashton Compl, Federal Compl, Ashton Compl, The Federal Plaintiffs, Interior, Federal Compl, Federal Plaintiffs, al Qaida’s, IIRO, MWL, WAMY, BIF, SHC, SJRC, Federal Compl, Burnett Compl, Burnett Compl, Yasser Arafat, Naif, Burnett Compl, Charles Schumer, Naif, Naif, al Haramain","The Federal complaint further alleges that “[b]etween 1998 and 2000, the Kingdom of Saudi Arabia, through SJRC, diverted more than $74 million to al Qaida members and loyalists affiliated with SJRC bu"
4240,$255M,,$255MM in payments include an upfront payment and the remainder is linked to
4258,"$60,000",,"Annual retainer $60,000"
4258,"$2,000 ",,"Board meeting fees $2,000 per each board meeting in excess of six board meetings in any calendar year that a non-employee"
4258,"$10,000 ",,"Additional retainer for committee members $10,000 per committee"
4258,"$20,000 ",Audit Committee,"Additional retainer for chair of committee $20,000 for Audit Committee;"
4258,"$20,000",,"Additional retainer for lead director $20,000"
4305,$100K,,Fees	$100K/episode	$1.2 Million
4383,$10K,,can send along an invoice and contribution letter for your $10K donation toward the chairs.
4435,$1,Avenatti,"In an unrelated action, federal officials in California charged Avenatti on Monday with defrauding a client out of a $1.6 million settlement and lying to a Mississippi bank to secure loans for his fir"
4503,$2,,LLC an annual management fee of $2.5 million payable in equal quarterly installments on the first day of
4517,$1m,,There is $1mm in the bank account. We can prepare checks or wires for you to sign upon request. This way
4533,$1 m,"The Daily Beast, Brunel’s, Epstein",The Daily Beast has learned that Epstein had made a $1 million wire transfer to Brunel’s offshore bank
4736,$149 billion,,families and indoor tanning services + $149 billion in penalty payments by
4756,"$10,000.00 ",,"Fee Shannon Ireland. $10,000.00 est."
4864,"$130,000 ",Stormy,"credit line to make a $130,000 payment in October 2016 to Stormy"
5101,$25 m,,say he charges flat annual fees ranging from $25 million to more than $100 million.
5164,$3,,"estate tax exclusion and generation-skipping transfer tax (GST) exemption would be $3.5 million, and"
5196,"$142,415",,"management fees $142,415"
5222,$38,,"Expand ACOs, payment bundling, and other payment reform $38"
5222,$37,"DSH, Medicare Advantage","Accelerate phase-in of DSH payment cuts*, Medicare Advantage cuts $37"
5255,"$25,000 ",,"consulting fees at a $25,000 annual rate for the first 12 months and a $35,000 annual rate for the second"
5343,$ 400.00,COMPLAINT,"06/20/2016 1 | COMPLAINT against All Defendants. (Filing Fee $ 400.00, Receipt Number 0208-"
5464,$300K,,Fees	$300K/episode	$3.6 Million
5471,$200 ,,payment of $200 for the new girl and $400 to me for bringing her. He
5604,"$900,000 ","Mike Pompeo, Koch","designate chief Mike Pompeo. (Pompeo's Kansas campaign received a $900,000 donation from Koch)."
5695,$2,InfoSpan,"fifth year, with InfoSpan receiving more than $2.8 billion in fees."
5879,$5K,,"other place but they only have $5K USD total, which includes the $4K fee they originally offered me. I am"
5884,$ 230 billion,"the Public Investment Fund, ARAMCO, the Public Investment Fund, the Public Investment Fund","- As we state, the most important offer in the Public Investment Fund is the ARAMCO offer. This will provide huge sums to the Public Investment Fund and also it will help in targeting many sectors ins"
5964,$5 m,"Travel Related Services Co., CMP",Travel Related Services Co. (AETRSC) also was assessed a $5 million CMP. Cross-border payment
6142,$10K,,can send along an invoice and contribution letter for your $10K donation toward the chairs.
6143,$1m,,There is $1mm in the bank account. We can prepare checks or wires for you to sign upon request. This way
6164,"$848,604",,"readily ascertainable. management fees $848,604"
6320,"$15,000 ","header&asset_id=100000006108935"",""range"":{""length"":111,""start"":0},""type"":""link""}],""identifier"":""_anf-body-1"",""inlineTextStyles"":[{""range"":{""length"":27,""start"":0},""textStyle"":""_anf-ts-153""}],""layout"":""_defaultComponentLayout"",""role"":""body"",""text"":""Sign, Interpreter, Sky"",""type"":""text""},{""identifier"":""_anf-author-1"",""inlineTextStyles"":[{""range"":{""length"":16,""start"":18},""textStyle"":""pub-dt""}],""layout"":""default-author"",""role"":""author"",""text"":""By, Comcast, The New York Times, Supreme Court, Senate, The New Yorker, the White House, Labour Party, Labour, The New York Times, the U.N. General Assembly, Reuters""},""identifier"":""100000006123016_5ba868d80c350"",""imageIdentifier"":""c6e8f2824de8eeee3368b75f0ee6a22c"",""layout"":""fullbleed-image"",""role"":""photo"",""type"":""scalable_image""},{""identifier"":""_anf-caption-4"",""inlineTextStyles"":[{""range"":{""length"":42,""start"":0},""textStyle"":""photo-credit""}],""layout"":""default-caption"",""role"":""caption"",""text, Reuters, Montmorillon, The New York Times, Comcast, Sky, the Walt Disney Company, Google, the Federal Reserve, The New York Times, The New York Times]"",""type"":""text""},{""additions"":[{""URL"":""https://apple.news, Ahvaz, the Islamic State, The New York Times]"",""type"":""text""},{""additions"":[{""URL"":""https://www.nytimes.com/2018/09/23/world/europe/germany-intelligence-chief-hans-georg-maassen.html?partner, The New York Times, written_through&asset_id=100000006108935"",""range"":{""length"":23,""start"":28},""type"":""link""}],""identifier"":""_anf-body-36"",""inlineTextStyles"":[{""range"":{""length"":52,""start"":0},""textStyle"":""_anf-ts-100""},{""range"":{""length"":52,""start"":0},""textStyle"":""_anf-ts-100""},{""range"":{""length"":21,""start"":2},""textStyle"":""_anf-ts-10""}],""layout"":""default-body"",""role"":""body"",""text"":""•, The New York Times, The New York Times Magazine, Associated, Associated Press, the Chapman Brothers, Christie’s, Times, a Morning Briefing, U.S. editions.)"",""type"":""text""},{""additions"":[{""URL"":""https://www.nytimes.com, an Evening Briefing, New York Times, Brexit, Brexit, Erin Schaff, Erin Schaff, Erin Schaff, Christine Blasey Ford, Brett Kavanaugh, Kavanaugh, Rod Rosenstein, Trump, John F. Kennedy, Britons, written_through&asset_id=100000006108935"",""range"":{""length"":43,""start"":166},""type"":""link""}],""identifier"":""_anf-body-13"",""inlineTextStyles"":[{""range"":{""length"":374,""start"":0},""textStyle"":""_anf-ts-100""},{""range"":{""length"":374,""start"":0},""textStyle"":""_anf-ts-100""}],""layout"":""default, Jeremy Corbyn, Corbyn, ’s Brexit, Trump, Trump, Hassan Rouhani, Moon Jae, Trump, Emmanuel Macron, Macron, Macron, Macron’s, Brian Roberts, Rupert Murdoch, Murdoch, Sundar Pichai, Trump, Julieta Cervantes, Julieta Cervantes, Julieta Cervantes, Fabre, Al Ahwaz, Angela Merkel’s, Pope Francis, Andrew Scrivani, Andrew Scrivani, Andrew Scrivani, Gordon Welters, Gordon Welters, Gordon Welters, written_through&asset_id=100000006108935"",""range"":{""length"":37,""start"":107},""type"":""link""}],""identifier"":""_anf-body-38"",""inlineTextStyles"":[{""range"":{""length"":145,""start"":0},""textStyle"":""_anf-ts-100""},{""range"":{""length"":145,""start"":0},""textStyle"":""_anf-ts-100""},{""range"":{""length"":28,""start"":5},""textStyle"":""_anf-ts-10""},{""range"":{""length"":3,""start"":2},""textStyle"":""_anf-ts-10""}],""layout"":""default-body"",""role"":""body"",""text"":""•, Wolfgang Frühauf’s, Marc Quinn, Ron Wood, Tusk Trust, Roland Muller, showcase/"",""range"":{""length"":6,""start"":256},""type"":""link""}],""identifier"":""_anf, Roberta Smith, body"",""role"":""body"",""text"":""Alex Marshall, adab-ea94f9c77233"",""classification"":""image"",""dimensions"":{""height"":720,""width"":1080},""fileSize"":0,""identifier"":""6aaf5487-8dd0-43fc, Brexit","﻿{""componentLayouts"":{""ComponentLayout-1"":{""columnRange"":{""length"":8,""start"":0},""contentInset"":{""bottom"":false,""left"":true,""right"":true,""top"":false},""identifier"":""ComponentLayout-1"",""ignoreDocumentMar"
6348,"$2,000 ",,"with a private instructor. It cost $2,000 in tuition and fees, which"
6526,"$50,000,000","Brad Edwards, Rothstein, Edwards, Virginia Roberts, Epstein, Roberts, Edwards, Epstein","Then, Brad Edwards, Rothstein’s former partner, sues the federal government in 2008 for abridging the rights of two of the original complainants under the Crime Victim Rights Act (giving victims the r"
6604,$10,CIRM,Three biotech companies have been funded so far under CIRM's Strategic Partnership Awards initiative. A grant of $10.1 million was
6604,$9,"Bluebird Bio Inc., LentiGlobin","Meanwhile, Bluebird Bio Inc. will use a $9.3 million grant to support a Phase I/II study to evaluate the safety and efficacy of LentiGlobin,"
6708,$99 ,,that she decides to set up a Yahoo Store for $99 per month and a small per-transaction fee. Her credit
6869,$1.45 billion,Chiquita,"appeared. Scarola, who in the past sued Chiquita over payments to violent leftist Colombian rebels and won a $1.45 billion verdict over"
6878,$250,Mike,"You paid Mike $2500, which he applied for the purchasing of his replacement servers, but his fee of $7500"
6954,$2,InfoSpan,"fifth year, with InfoSpan receiving more than $2.8 billion in fees."
6965,"$810,795",NY,"readily ascertainable. New York, NY management fees $810,795"
6965,"$559,904",INTERNATIONAL INC - value,"INTERNATIONAL INC - value not readily ascertainable. management fees $559,904"
6976,"$20,000 ",,"108 $20,000 fee: Station KGUNg, “Documents: Snowden Paid 20K for UA Skype"
7049,$30 m,"Evolutionary Dynamics, Harvard University, the Trilateral Commission, the Council on Foreign Relations, Rockefeller University, New York Academy of Science, Brain, Behavior Committee, Harvard University, Jeffrey Epstein","In addition to supporting early education, Jeffrey Epstein founded the Program for Evolutionary Dynamics at Harvard University with a $30 million grant. He is a former member of the Trilateral Commiss"
7080,$2,InfoSpan,"fifth year, with InfoSpan receiving more than $2.8 billion in fees."
7286,$25.60 ,,through performance fees and tax cc $25.60 17.8%
7324,$74,APO,where APO earns a fee on ~$74b of assets and should benefit from
7324,$24,,additional management fees from the company©most recent $24b
7360,$160 m,DGS,"And in May, DGS defaulted on $160 million in interest payments it"
7560,$454,,"permits up to $454.5 million in principal balances of finance receivables to be purchased, and the 2017 Master Transfer Agreement’s purchase commitment"
7560,$454,,"“Refinancing Transfer Agreements”. As of December 31, 2018, there was approximately $454.5 million of unused capacity under 2017 Master Transfer"
7619,"$21,576 ",,"See attached schedule management fees $21,576 |"
7619,"$468,346 ",,"management fees $468,346 |"
7619,"$1,292,392",,"management fees $1,292,392"
7630,"$10,000 ",,"in part because of a $10,000 grant from the United"
7727,$250,Mike,"You paid Mike $2500, which he applied for the purchasing of his replacement servers, but his fee of $7500"
7749,$200 m,The Bill & Melinda Gates Foundation,The Bill & Melinda Gates Foundation gives about $200 million a year in elementary and secondary education grants
8077,$16.89 ,,"St. Thomas, VI 46 41'-50' $16.89 $202.68 and office space containing 25,552 square feet"
8077,$109.50 ,,"8167 Sub Base 56'-75' $109.50 $1,314.00 200 feet in length and located less than 2.0"
8215,$150.00 ,,costs in the amount of $150.00 and payment of the $125.00 fine.
8450,$250,Mike,"You paid Mike $2500, which he applied for the purchasing of his replacement servers, but his fee of $7500"
8753,"$6,400 ",Arab Bank,"$6,400 wire transfer through Arab Bank"
8768,$10,CIRM’s Strategic Partnership Awards,Three biotech companies have been funded so far under CIRM’s Strategic Partnership Awards initiative. A grant of $10.1 million was
8768,$9,"Bluebird Bio Inc., LentiGlobin","Meanwhile, Bluebird Bio Inc. will use a $9.3 million grant to support a Phase I/II study to evaluate the safety and efficacy of LentiGlobin,"
8821,$2,FTTH,Whilst the government has earmarked cUS$2bn for the expansion of FTTH and wireless
8823,$119 ,H.M.O.,"H.M.O. It paid $119 to settle the grandmother’s $2, 168 bill, without specifying how much of the payment was for the IV. It"
8828,$10K,,can send along an invoice and contribution letter for your $10K donation toward the chairs.
8872,$5m,,"contract sees it earn $5m (SAR18m) in fees per year, subject to certain performance criteria being met."
8936,$7m,TRA,Artspace losses can/shld reduce the 3.8% medicare tax and $7mm of TRA payments shld also be exempt from
8936,$400k,,overpayment by $400k.
9016,$2,FTTH,than US$2bn in the expansion of wireless (3G & 4G) and fibre infrastructure (FTTH)
9045,$70 ,Healthcare,7 $70 fee with 2010 Healthcare reform ==
9045,$70 ,"Healthcare, --__-",$70 ~~ --- ~~ - ee eee fee withthe. 2010 Healthcare reform. --__-_ - -
9235,$477,,$477.9 million in principal balances of finance receivables under these transfer agreements.
9235,$1,,approximately $1.9 million related to payments for excess reserves to which it expects to be entitled.
9235,$2,DriveTime,per-vehicle fee to DriveTime to administer the limited warranty included with every purchase. We incurred costs of approximately $2.2 million during the
9481,$2,InfoSpan,"fifth year, with InfoSpan receiving more than $2.8 billion in fees."
9519,$1.45 billion,Chiquita,"has appeared. Scarola, who in the past sued Chiquita over payments to violent leftist Colombian rebels and won a $1.45 billion"
9562,$250.00 ,Duemler,Duemler thought the $250.00 fee was significant and believed the fine should be
9645,$1 m,the Princess Grace,celebrating their new charity partnership and $1 million dollar donation to the Princess Grace
9687,"$96,000 ",Grab Guns & Go to,"Now, a particular placard, “Wall Street Is War Street,” gives me a sense of continuity. Other anonymous Occupier spokespersons carried posters proclaiming: “God Forbid We Have Sex & Smoke Pot. They Wa"
9687,$500 ,Lenny,"In less than two years, Lenny was arrested 15 times. Club owners were afraid to book him. He couldn’t get a gig in six months. On a Christmas day, he was alone in his hotel room, and I brought him a $"
9687,$75 ,,"I had wanted to sue the city, but an attorney requested $75 for a filing fee, and I didn’t have it. I was too foolish not to borrow it, and I decided to forego the lawsuit. I must’ve been crazy."
9772,"$20,000 ",,"Internet hero, as well as be paid a $20,000 fee for just his electronic"
9881,$3 M,"GOP, Capitol Hill, conservatives"",""textStyle"":""summary"",""type"":""text""},{""caption"":""Google, ET"",""textStyle"":""bylineStyle"",""type"":""text""},{""components"":[{""identifier"":""_anf-body-1"",""layout"":""bodyLayout"",""role"":""body"",""text"":""WASHINGTON, Google, GOP, Alphabet Inc., Facebook Inc., Twitter Inc., House, Congress, House Judiciary Committee, Google, the U.S. Department of Defense, Google, Google, Google, Congress, Congress, GOP, House, Google, the Wildest Party, Adapt, Google, Google, the Senate Commerce Committee, Pew Research Center, House, Senate, Senate Commerce, john.mckinnon@wsj.com, gop, Capitol Hill, GOP, Sundar Pichai, Sundar Pichai, Michael Short/Bloomberg News"",""captionComponent"":{""text"":""Google, Sundar Pichai, Michael Short/Bloomberg, John D. McKinnon, Douglas MacMillan"",""textStyle"":""authorStyle"",""type"":""text""},{""identifier"":""_anf-byline-1"",""layout"":""bodyLayout"",""role"":""byline"",""text"":""September, Kevin McCarthy, Pichai, Pichai, McCarthy, Facebook, Twitter, Gmail, Pichai, McCarthy, Trump, Mark Warner, Elizabeth Warren, Jeff Sessions, Peter Schweizer, Trump, Trump, Jerry Moran, Roger Wicker, Richard Blumenthal, Brian Schatz, John D. McKinnon, Douglas MacMillan, Sundar Pichai","﻿{""componentLayouts"":{""ComponentLayout-1"":{""columnRange"":{""length"":11,""start"":0},""identifier"":""ComponentLayout-1"",""ignoreDocumentMargin"":""both""},""_defaultComponentLayout"":{""columnRange"":{""length"":11,"""
10056,$200 m,The Bill & Melinda Gates Foundation,The Bill & Melinda Gates Foundation gives about $200 million a year in elementary and secondary education grants and is
10179,$4 ,,"breakfast with coffee and orange juice, I paid $4 U.S. The Indian outsourcers cost between $4-10 US."
10259,"$29,338",,"($29,338). Funds transferred overseas are prohibited from"
10617,$2.53,,"like taxi fair, coffee and doughnuts, detailed for $2.53, and would keep $400,000."
10617,"$100,000 ",Mike,"Florida. He wanted a $100,000 per month retainer, and with this, his partner Mike"
10855,$150.00 ,,$150.00 and payment of the fire inspection fee in addition to any late penalties by
10867,"$1,300,500","payment=$1,300,500","annual interest payment=$1,300,500; valuation discount = 30%; transfer tax rate (for transfers at the end of year 20) = 55%."
11070,"$1,250,000",The Management Fee,"$1,250,000. The Management Fee will be reduced by"
11070,$740M,,"Sprout IX: Total actual HCT investments of $740M; 2% management fees,"
11070,$120M,,resulting in $120M of management fees and expenses from inception-to-date;
11070,"$1,075M",Yields Total Distributed,"Yields Total Distributed to LPs of $1,075M ($1,375M - $120M fees - $130M carry -"
11179,$80 billion,"the New York, G.O.P. Senate, He?"",""type"":""text""},{""identifier"":""_anf-author-1"",""inlineTextStyles"":[{""range"":{""length"":16,""start"":35},""textStyle"":""pub-dt""}],""layout"":""default-author"",""role"":""author"",""text"":""By, KATIE THOMAS, NICK CORASANITI, United States Senate, United States Senate, United States Senate, United States, Senate, Gallup, Celgene’s, the Food and Drug Administration, PAC, Menendez, the Monmouth University Poll, Menendez, Menendez, The New York Times, House, Kaposi, J.P. Morgan, The New York Times, "",""type"":""text""},{""additions"":[{""URL"":""https://www.sec.gov/Archives, Thalomid, Celegene, the Association for Accessible Medicines, Risk Evaluation and Mitigation System, The New York Times, REMS, Mylan, Mylan, Lannett, Barr Laboratories, Mylan, Rutgers Law School, Senate, Menendez, Otezla, Sanford C. Bernstein & Company, Medicare, Settle Fraud Suit, Deeply Blue New Jersey, Senate, New York Times, Drug Administration"",""Senate"",""Hugin, section"",""role"":""section"",""type"":""section""},{""components"":[{""components"":[{""caption"":""Bob Hugin, Celgene, Leonard Lance, Chris Christie, Mel Evans/Associated Press"",""captionComponent"":{""text"":""Bob Hugin, Celgene, Leonard Lance, Chris Christie, Mel Evans, Celgene, Leonard Lance, Chris Christie, Mel Evans/Associated Press, -Bob-Hugin"",""range"":{""length"":34,""start"":194},""type"":""link""}],""identifier"":""_anf-body-6"",""inlineTextStyles"":[{""range"":{""length"":363,""start"":0},""textStyle"":""_anf-, Bob Hugin, Celgene, Celgene, Celgene-Reports-Fourth-Quarter-and-Full-Year-2017-Operating-and-Financial-Results/default.aspx"",""range"":{""length"":17,""start"":177},""type"":""link""}],""identifier"":""_anf-body-7"",""inlineTextStyles"":[{""range"":{""length"":195,""start"":0},""textStyle"":""_anf-ts-1""},{""range"":{""length"":195,""start"":0},""textStyle"":""_anf-ts-1""}],""layout"":""default-body"",""role"":""body"",""text"":""And, Revlimid, Celgene, Hugin, Robert Menendez, Celgene, Menendez, Menendez, Hugin, Hugin, Trump, Revlimid, Hugin, Celgene, Celgene, Hugin, Revlimid, Hugin, Celgene, Hugin, Hugin, Patrick Murray, Murray, Hugin, Bryan Anselm, Hugin, Bryan Anselm, Hugin, Bryan Anselm, Hugin, Menendez, Hugin, Celgene, Celgene, Celgene, Celgene, Celgene, Celgene, Hugin, Celgene, Hugin, Celgene, Thalomid, Celgene, Thalomid, Celgene, Hugin, Celgene, Rick Loomis, Hugin, Celgene, Rick Loomis, Hugin, Celgene, Rick Loomis, Celgene, Celgene, Thalomid, Hugin, Revlimid, Celgene, Hugin, Revlimid, Celgene, Revlimid, Celgene, Michael Brzica, Celgene, Revlimid, Celgene, Emily Berl, Revlimid, Celgene, Emily Berl, Revlimid, Celgene, Emily Berl, Celgene, Celgene, Celgene, Celgene, Celgene, Celgene, Celgene, Michael Carrier, Celgene, Menendez, Menendez, Hugin, Hugin, Celgene, Revlimid, Yatin Suneja, Revlimid, Celgene, Celgene, Elaine Kodish, Revlimid, Kodish, Celgene, Revlimid, Revlimid, Kodish, robert-menendez-senate, Robert J"",""New Jersey"",""Menendez, robert-menendez-senate.html"",""dateModified"":""2018-","﻿{""componentLayouts"":{""ComponentLayout-1"":{""columnRange"":{""length"":8,""start"":0},""contentInset"":{""bottom"":false,""left"":true,""right"":true,""top"":false},""identifier"":""ComponentLayout-1"",""ignoreDocumentMar"
11223,"$294,349.15 ",,"$294,349.15 in interest payments"
11231,$20 m,"Dershowitz, the Bush FBI, FBI, William Kennedy Smith, Epstein, Clinton, Epstein, Epstein, Scott Rothstein","Epstein called in Dershowitz, who flew into Palm Beach to put the local authorities in their place—alienating Palm Beach officialdom—and, further amping up the profile of the case, also brought in Roy"
11291,$150.00 ,,$150.00 and payment of the fire inspection fee in addition to any late penalties and
11347,$14,,"the fee related earnings at $14/unit, the balance sheet (principal investments and"
11347,$4 ,,"(1.5x MOIC). Based on this method, we value the fee-related earnings at $4 share, the"
11380,"$12,984",,"management fees $12,984"
11380,"$2,538,973",,"with IRONGATE AZREP BW LLC - value not readily ascertainable. management fees $2,538,973"
11380,"$2,888,093",,"See attached schedule management fees $2,888,093"
11380,$1 ,TRUMP,"073 TRUMP LAS VEGAS DEVELOPMENT LLC NIA 308 $1 ,000,001 - $5,000,000 development fees"
11380,"$21,576",,"See attached schedule management fees $21,576"
11380,"$468,346",,"See attached schedule management fees $468,346"
11380,$1 ,,"See attached schedule management fees $1 ,292,392"
11380,"$2,198,295",NY,"readily ascertainable. New York, NY management fees $2,198,295"
11380,"$677,122",,"See attached schedule management fees $677,122"
11380,"$810,795",NY,"readily ascertainable. New York, NY management fees $810,795"
11380,"$559,904",INTERNATIONAL INC - value,"INTERNATIONAL INC - value not readily ascertainable. management fees $559,904"
11380,"$30,000",,"readily ascertainable management fees $30,000"
11380,"$268,125",Additional Underlying Asset,"Additional Underlying Asset: management agreement - value not management fees $268,125"
11380,"$190,476",,"NIRWANA RESORT - value not readily ascertainable. management fees $190,476"
11380,"$190,476",,"NIRWANA PARAHYANGAN - value not readily ascertainable. management fees $190,476"
11482,$150.00 ,,OF $150.00 AND ORDER THEM TO PAY THE FIRE INSPECTION FEE
11482,$150.00 ,,administrative costs in the amount of $150.00 and payment of the fine inspection
11753,$200 ,,payment of $200 for the new girl and $400 to me for bringing her. He
11811,$160 m,DGS,"And in May, DGS defaulted on $160 million in interest payments it"
11895,"$50,000,000",,"Value of initial transfer to GRAT $50,000,000"
11917,$0.00,,"(2) These Class B Units (the “B1 Units”) were granted on March 24, 2015, with a participation threshold of $0.00; 200,000 of which vested on July 1,"
11917,$4.87,,"(3) These Class B Units (the “B2 Units”) were granted on March 24, 2015, with a participation threshold of $4.878; 20% vested on March 1, 2016, and"
11917,$4.87,,"(4) These B2 Units were granted on January 29, 2016, with a participation threshold of $4.878; 20% vested on March 1, 2016, and the remaining amount"
11917,$5.81,the “B3 Units,"(5) These Class B Units (the “B3 Units”) were granted on October 21, 2016, with a participation threshold of $5.8114; 20% vested on January 1, 2017,"
11917,$12.00,,"(6) These Class B Units (the “B4 Units”) were granted on April 27, 2017, with a participation threshold of $12.000; 20% vest on February 1, 2018, and"
11917,$0.00,,"(7) These B1 Units were granted on March 24, 2015, with a participation threshold of $0.00; 20% vested on March 1, 2016, and the remaining amount"
12041,"$260,000 ",Spencer,"Calpain 3 gave Spencer’s lab a $260,000 grant to"
12083,$1m,,There is $1mm in the bank account. We can prepare checks or wires for you to sign upon request. This way
12088,$1 m,Epstein,"were not only harassed but molested."" Now The Daily Beast has learned that Epstein had made a $1 million wire"
12094,$10k,,"1t and 2""4 page. The whole process will take about a year to be solidified. Fees will be approx. $10k -$15k"
12147,"$750,000 M",MacArthur Foundation,"science major, he was one recipient of an unrestricted $750,000 MacArthur Foundation grant. He"
12225,"$50,000,000","Brad Edwards, Rothstein, Edwards, Virginia Roberts, Epstein, Roberts, Edwards, Epstein","Then, Brad Edwards, Rothstein’s former partner, sues the federal government in 2008 for abridging the rights of two of the original complainants under the Crime Victim Rights Act (giving victims the r"
12364,$500 billion,"Forbes, Forbes, Epstein","Epstein’s long-time business thesis is that the hyper rich know very little about the essence of money. They may know about their own businesses, but the great sums that are  realized as a  result are"
12408,$2,InfoSpan,"fifth year, with InfoSpan receiving more than $2.8 billion in fees."
12427,"$5,120,000 ",,"*Gift tax exemption in 2012 shelters up to $5,120,000 per individual of value transferred from gift tax."
12433,$2,InfoSpan,"fifth year, with InfoSpan receiving more than $2.8 billion in fees."
12545,$9,,estimate that in 2015 investment income transferred to the budget stood at US$9.9bn
12545,$4,PIF,"(1.5% of GDP), which entails transfers of US$4bn from the PIF and US$5bn from SAMA."
12545,"$1,500 ",,"green-card like program, authorities will need to set the program fees at US$1,500 (in"
12545,$2,FTTH,than US$2bn in the expansion of wireless (3G & 4G) and fibre infrastructure (FTTH)
12545,$2,FTTH,Whilst the government has earmarked cUS$2bn for the expansion of FTTH and wireless
12545,$5m,,"contract sees it earn $5m (SAR18m) in fees per year, subject to certain performance criteria being met."
12545,$2,"IHS Chemical, Merrill Lynch Global Research, BTU","Source: IHS Chemical, BofA Merrill Lynch Global Research. US spot refers to natural gas prices of US$2.6/mn BTU. The US$2.5bn feedstock"
12637,$250,Mike,"You paid Mike $2500, which he applied for the purchasing of his replacement servers, but his fee of $7500"
12776,$100.00 ,,therapist. Fees were approximately $100.00 for a massage conducted
12812,$150.00 ,,OF $150.00 AND ORDER THEM TO PAY THE FIRE INSPECTION FEE
12812,$150.00 ,,costs in the amount of $150.00 and payment of the fire inspection fee in addition
12812,$150.00 ,,OF $150.00 AND ORDER THEM TO PAY THE FIRE INSPECTION FEE
12935,$1 m,"Brunel’s, Epstein",Beast has learned that Epstein had made a $1 million wire transfer to Brunel’s offshore bank account in
12943,"$20,000 ",,"to 60 months. A loan of $20,000 with an 8.99% APR for 60 months will hove a monthly payment of principal and interest of $415.07. The payment is approximate"
12977,$30 m,USIS,"were not fully vetted. (On August 20, 2015 USIS agreed to forfeit $30 million in fees to settle"
12998,$150 ,,"compliance and assess the $150 fee. After a significant amount of discussion, that"
12998,$250.00 ,Duemler,Duemler thought the $250.00 fee was significant and she believed the fine should
13002,$1.45 billion,,"has appeared. Scarola, who in the past sued Chiquit over payments to violent leftist Colombian rebels and won a $1.45 billion"
13048,$3.40,,"• Processing is expensive. The average transaction cost is ~$3.40, rendering transfer of small fund balances uneconomical."
13201,"$5,490,000 ",,"In 2017, an individual could give or transfer at death up to $5,490,000 without paying gift or estate taxes."
13211,$1 m,Brunel,"$1 million wire transfer to Brunel's offshore bank account in September 2004, just as he was"
13211,"$100,000 ","the Palm Beach Police, Jeffrey Epstein","and making [speaking of Jeffrey Epstein] frequent $100,000 donations to the Palm Beach Police"
13212,"$50,000","Daniels, AT&T, Michael Avenatti","Daniels' lawyer, Michael Avenatti, said AT&T had made four separate payments of $50,000"
13212,"$130,000 ",Daniels,"was used to make a $130,000 hush-money payment to Daniels."
13212,"$400,000",Essential Consultants,"2018 made four separate payments to Essential Consultants totaling nearly $400,000."
13235,$96,,total annual rent payment of $96.3 million. The rent on the properties is fixed for the first five years of the
13269,$150 ,,"almost immediately upon arriving and paying his $150 registration fee, he had attracted"
13442,$150.00 ,,OF $150.00 AND ORDER THEM TO PAY THE FIRE INSPECTION FEE
13442,$150.00 ,,administrative costs in the amount of $150.00 and payment of the fine inspection
13510,"$10,000,000.00",,"With your donation of $10,000,000.00, Twin City commits to aggressively expand during the"
13594,$200 m,The Bill & Melinda Gates Foundation,The Bill & Melinda Gates Foundation gives about $200 million a year in elementary and secondary education grants and is
13703,$5K,,"other place but they only have $5K USD total, which includes the $4K fee they originally offered me. Iam"
13766,$5K,,"other place but they only have $5K USD total, which includes the $4K fee they originally offered me. I am"
13803,$20 ,,"Patient #1 covered by a plan with a $20 co-pay (i.e., a flat fee regardless of the level or"
13989,$150.00 ,,OF $150.00 AND ORDER THEM TO PAY THE FIRE INSPECTION FEE
13989,$150.00 ,,costs in the amount of $150.00 and payment of the fire inspection fee in addition
13989,$150.00 ,,OF $150.00 AND ORDER THEM TO PAY THE FIRE INSPECTION FEE
13997,$325 ,,full retail price (1% of $325 = $3.25) for the Yahoo Store transaction fee and 2.5% for the credit card
13997,$325 ,Doug,"processing fee (2.5% of $325 = $8.13), Doug is left with a pretax profit of $167.38 for this one sale."
14011,$29 m,Robin,"$29 million in donations from individuals, corporations and foundations. Robin conceived, co-chaired and ran “A"
14011,$18 m,,"over $18 million in grant funding, increased clinical trials by 40% and grew patient enrollment by over 320%"
14036,$30 m,,"where we owed 20, $30 million in Ponzi payments out"
14167,$7 billion,The National Science Foundation,"The National Science Foundation, which gives $7 billion a year in grants to universities and research institutes,"
14179,$249m,"A123 Systems, Inc.",""" A123 Systems, Inc., maker of the recalled lithium-ion battery used in the Karma and recipient of a $249mm Federal grant in"
14198,"$4,679 ",,"$4,679 in annual pension payments per worker to former workers."
14200,"$200,000 ",Trump,"jacked up its initiation fee to $200,000 from $100,000 after Trump became"
14336,"$212,300","The Peterson Foundation’s, the Heritage Foundation’s, CBO, FICA","I have a feeling that revenue increases will be a material (e.g., 25% or more) part of the deal.  The Peterson Foundation’s sampling of 6 policy groups shown below indicate that 5 of 6 recommend reven"
14491,"$1,100",Mahathir bin Mohamad,"To be sure, Asian autocracies are not summarily successful. Elsewhere, political Confucianism is messier. In Malaysia, Mahathir bin Mohamad lifted his people out of abject poverty and easygoing cronyi"
14680,"$400,000",,"“donations might come with strings attached.”” One of them leveraged a $400,000"
14733,$15,eBay,"From $15—500 per month, plus eBay fees."
14741,$4 m,,of over $4 million and falsely characterized the payments
14741,$1.42 m,,"contribute the $1.42 million grant to a local MFI, DOJ noted that it had"
14749,$25,,Fees for managed assets invested in house funds typically run from 1% (for up to $25
14749,"$100,000 ",,"million; new clients are generally subject to a minimum $100,000 annual fee. Pure"
14873,$5 m,ATRA,"income tax liability. On the transfer tax front, ATRA also made permanent the $5 million basic exclusion"
14873,$5.34 m,,"2014, will increase to $5.34 million, the same amount as the generation-skipping transfer tax exemption)."
14986,$5 m,the American Heart Association,e Awarded $5 million grant from the American Heart Association after reworking a previously
15085,"$90,000 ",Reiter,"with his $90,000 donation. And when Reiter had"
15089,$250.00 ,Duemler,Duemler thought the $250.00 fee was significant and believed the fine should be
15271,"$750,000 M",MacArthur Foundation,"science major, he was one recipient of an unrestricted $750,000 MacArthur Foundation grant. He"
15473,$10K,,can send along an invoice and contribution letter for your $10K donation toward the chairs.
15518,"$150,000 ",Hanban,"green cards or pay US taxes). Typically, the Hanban provides a $150,000 start-up grant"
15518,"$500,000 ",,"with a proposal for a $500,000 annual grant to establish a Center for Chinese studies in"
15518,"$400,000",,"“donations might come with strings attached.” 7 One of them leveraged a $400,000"
15525,"$900,000 ","Mike Pompeo, Koch","designate chief Mike Pompeo. (Pompeo's Kansas campaign received a $900,000 donation from Koch)."
15530,$1 m,"The Daily Beast, Brunel, Epstein",The Daily Beast has learned that Epstein had made a $1 million wire transfer to Brunel's offshore bank
15579,"$1,524,986",,"Audit Fees $1,524,986) $1,061,451G)"
15579,"$ 349,220",,"Tax Fees $ 349,220) $ 110,489"
15579,"$475,782 ",,"(3) Includes $475,782 in fees related to our initial public offering in April 2017 that were reported in “All Other Fees” in our proxy statement prepared in"
15594,$4,,"client feedback reviews on Elance enabled me to find my best VA to date, who costs $4/hour. Similar"
15610,$29 m,,"e Raised over $29 million in donations from individuals, corporations and foundations."
15626,"$5,490,000 ",,"In 2017, an individual could give or transfer at death up to $5,490,000 without paying gift or estate taxes."
15792,$540 m,,(excluding KLC PropCo} of $540 million. It has owned and managed in excess of 10 million square feet
15829,$10 m,,provides for a license fee of $10 million payable in three installments of $3.0 million within 30 days
15838,$119 ,H.M.O.,"H.M.O. It paid $119 to settle the grandmother's $2,168 bill, without specifying how much of the payment was for the IV. It"
16002,$150.00 ,,costs in the amount of $150.00 and payment of the $125.00 fine.
16174,$200 billion,"header&asset_id=100000006119195"",""range"":{""length"":111,""start"":0},""type"":""link""}],""identifier"":""_anf-body-1"",""inlineTextStyles"":[{""range"":{""length"":27,""start"":0},""textStyle"":""_anf-ts-174""}],""layout"":""_defaultComponentLayout"",""role"":""body"",""text"":""Sign, Interpreter, United Nations, CHRIS STANFORD, The Times Magazine’s Voyages, The New York, The Times Magazine’s Voyages, The Times Magazine’s Voyages, The New York Times, Ford, Supreme Court, the Senate Judiciary Committee, Yale, Times, written_through&asset_id=100000006119195"",""range"":{""length"":37,""start"":77},""type"":""link""},{""URL"":""https://www.nytimes.com/2018/09/24/us, the Justice Department, Times, U.N., the General Assembly, the University of Pennsylvania, the Food and Drug Administration, Medicare, Amazon, Walmart, The Federal Reserve, The New York Times""},""identifier"":""100000006123310_5ba8ff856fd2a"",""imageIdentifier"":""4c096928d417fd6a44672e7b8e6f77d4"",""layout"":""fullbleed-image"",""role"":""photo"",""type"":""scalable_image""},{""identifier"":""_anf-caption-2"",""inlineTextStyles"":[{""range"":{""length"":39,""start"":50},""textStyle"":""photo-credit""}],""layout"":""default-caption"",""role"":""caption"",""text"":""A, The New York Times, Labour Party, N.F.L., the Detroit Lions, the New England Patriots, The Times Magazine, CBS, the University of California, Antarctic, Times, written_through&asset_id=100000006119195"",""range"":{""length"":15,""start"":56},""type"":""link""},{""URL"":""https://www.nytimes.com, ts-10""},{""range"":{""length"":20,""start"":0},""textStyle"":""_anf, Golf Digest, Golf Digest, the Chapman Brothers, Associated Press"",""captionComponent"":{""text"":""One, Associated Press""},""identifier"":""100000006123121_5ba8ff85709aa"",""imageIdentifier"":""101e5caffa6b6448baa41c1c865cd79d"",""layout"":""small-image"",""role"":""photo"",""type"":""scalable_image""},{""identifier"":""_anf-caption-4"",""inlineTextStyles"":[{""range"":{""length"":57,""start"":69},""textStyle"":""photo-credit""}],""layout"":""small-caption"",""role"":""caption"",""text"":""One, Associated Press, Christie’s, Times, an Evening Briefing, New York Times, fd66, United Nations, N.F.L."",""version"":""1.0, Kilauea, Philip Montgomery, Kilauea, Philip Montgomery, Kilauea, Philip Montgomery, know:"",""type"":""text""},{""identifier"":""_anf-heading4-1"",""layout"":""heading4"",""role"":""heading4"",""text"":""Christine, Brett Kavanaugh, Dianne Feinstein, Deborah Ramirez, Kavanaugh, Blasey, Trump, Kavanaugh, Blasey, Trump, Trump, Kim Jong-un, Trump, Cosby, body-24"",""inlineTextStyles"":[{""range"":{""length"":72,""start"":0},""textStyle"":""_anf-ts-10""},{""range"":{""length"":72,""start"":0},""textStyle"":""_anf-ts-10""},{""range"":{""length"":6,""start"":2},""textStyle"":""_anf-ts-102""}],""layout"":""default-, Andrew Scrivani, Andrew Scrivani, Andrew Scrivani, Hassan Rouhani, Tiger Woods, Sam Snead’s, Tim Bradbury/Getty, Sam Snead’s, Tim Bradbury/Getty, Sam Snead’s, Tim Bradbury/Getty Images, Steven Spielberg’s Amblin Entertainment, written_through&asset_id=100000006119195"",""range"":{""length"":35,""start"":56},""type"":""link""}],""identifier"":""_anf-body-41"",""inlineTextStyles"":[{""range"":{""length"":142,""start"":0},""textStyle"":""_anf-ts-10""},{""range"":{""length"":142,""start"":0},""textStyle"":""_anf-ts-10""}],""layout"":""default, Jane Willenbring, David Marchant, Jett, Valentino Dixon, Dixon, Marc Quinn, Ron Wood, Dominic Lipinski/Press Association, Dominic Lipinski/Press Association, Dominic Lipinski/Press Association, Tusk Trust, Roland Muller, Roberta Smith, body"",""role"":""body"",""text"":""Alex Marshall, written_through&asset_id=100000006119195"",""range"":{""length"":12,""start"":139},""type"":""link""}],""identifier"":""_anf-body-63"",""inlineTextStyles"":[{""range"":{""length"":152,""start"":0},""textStyle"":""_anf-ts-10""},{""range"":{""length"":152,""start"":0},""textStyle"":""_anf-ts-10""},{""range"":{""length"":152,""start"":0},""textStyle"":""_anf-ts-1""}],""layout"":""default, Chris Stanford, Twitter, @stanfordc","﻿{""componentLayouts"":{""ComponentLayout-1"":{""columnRange"":{""length"":8,""start"":0},""contentInset"":{""bottom"":false,""left"":true,""right"":true,""top"":false},""identifier"":""ComponentLayout-1"",""ignoreDocumentMar"
16186,$14,"Social Security, Medicare, Freddie Mac",Social Security and Medicare on an accrual basis over the next 75 years. *One-time expenses in F2008 include $14B payments to Freddie Mac; F2009
16186,$279,Fannie Mae & Freddie Mac,"includes $2798 net TARP payouts, $97B payment to Fannie Mae & Freddie Mac and $40B stimulus spending on discretionary items; F2010E includes $26B"
16186,$137,Fannie Mae & Freddie Mac,"net TARP income, $1378 stimulus spending and $41B payment to Fannie Mae & Freddie Mac. F2010 net worth improved dramatically owing to revised"
16188,$20 m,"Dershowitz, the Bush FBI, FBI, William Kennedy Smith, Epstein, Clinton, Epstein, Epstein","Epstein called in Dershowitz, who flew into Palm Beach to put the local authorities in their place—alienating Palm Beach officialdom—and, further amping up the profile of the case, also brought in Roy"
16230,$150.00 ,,$150.00 and payment of the fire inspection fee in addition to any late penalties by
16420,$21 ,"Apollo Co-Founder Josh Harris, APO, C-corp, PTP, lower corp tax, APO, Neutral, CFO Martin Kelly","We recently met with Apollo Co-Founder Josh Harris and CFO Martin Kelly, who were optimistic about the growth opportunities for the firm and the recurring fee outlook, although they expect meaningful "
16445,$750,,"replacement servers, but his fee of $7500 balance is now due if you want"
16499,$2 m,,received $2 million in grants from
16512,$249m,"• A123 Systems, Inc.","• A123 Systems, Inc., maker of the recalled lithium-ion battery used in the Karma and recipient of a $249mm Federal grant in"
16658,"$20,000 ",,"to 60 months. A loan of $20,000 with an 8.99% APR for 60 months will hove a monthly payment of principal and interest of $415.07. The payment is"
16658,$40 ,,The $40 entrance fee includes two tickets per boat for
16702,$25 m,,say he charges flat annual fees ranging from $25 million to more than $100 million.
16975,"$100,000 ","al-Qaeda, al Qaeda’s, al Qaida’s, al-Qaeda, al Qaeda’s, Kamel, Kamel, Kamel, Saleh Abdullah Kamel, Dallah al Baraka, Sanabil Al-Khair","Plaintiffs’ complaints allege that Saleh Abdullah Kamel, a Saudi businessman, has knowingly provided extensive material support to al-Qaeda, both individually and through his various business entities"
16988,"$900,000 ","Mike Pompeo, Koch","designate chief Mike Pompeo. (Pompeo's Kansas campaign received a $900,000 donation from Koch)."
17029,$5K,,"other place but they only have $5K USD total, which includes the $4K fee they originally offered me. I am"
17036,"$2,500,000 ",,"the extent that the U.S. $2,500,000 fee payable pursuant to"
17036,$20 m,,payment to such other person or entity. The $20 million
17036,$50 m,Agents,estimated $50 million in fees and expenses (including amounts payable to the Agents and including
17036,$7,"KUE, LLC","of KUE LLC, payment at the initial closing of the offering of approximately $7.0 million of accrued return"
17036,$50 m,,Assumes $50 million of fees and expenses.
17036,"$3,000 ",,"maximum eligible expenses of $3,000 for one child and $6,000 for two or more children. The fees paid to"
17036,$10 m,,provides for a license fee of $10 million payable in three installments of $3.0 million within 30 days
17036,$540 m,,(excluding KLC PropCo) of $540 million. It has owned and managed in excess of 10 million square feet
17036,$96,,total annual rent payment of $96.3 million. The rent on the properties is fixed for the first five years of the
17036,"$2,500,000 ",,"professional fees and other administrative expenses). To the extent that the U.S. $2,500,000 fee payable"
17036,$20 m,,by the amount of such payment to such other person or entity. The $20 million annual fee will terminate
17036,"$25,000 ",,"consulting fees at a $25,000 annual rate for the first 12 months and a $35,000 annual rate for the second"
17036,$20 ,KUE,"acquisitions, professional fees and other administrative expenses), KUE has an obligation to pay $20"
17036,$2,KUE,"Payment Agreement. Of this amount, $2.5 million will be paid to KUE by KLC pursuant to the existing"
17036,"$8,250,000 ",,"the real property each company respectively owns, in return for a total annual fee of $8,250,000 payable"
17036,$2,,LLC an annual management fee of $2.5 million payable in equal quarterly installments on the first day of
17126,$200 m,The Bill & Melinda Gates Foundation,The Bill & Melinda Gates Foundation gives about $200 million a year in elementary and secondary education grants
17242,$3,,"estate tax exclusion and generation-skipping transfer tax (GST) exemption would be $3.5 million, and"
17243,$7 billion,The National Science Foundation,"The National Science Foundation, which gives $7 billion a year in grants to universities and research institutes, is not specifically mentioned in the budget. However, unspecified “other agencies” are"
17266,$40 ,,from directly from your own foundation. All payments to be made in addtion to currently owed. so $40 on
17320,$3.50,,application/test fees. We note clones currently can range from $3.50-$5.50
17320,$400 ,Application & License,Application & License Fee 1 per year $400 $400
17320,$255M,,$255MM in payments include an upfront payment and the remainder is linked to
17518,$1 ,,and are charged a small fee from $.05 to over $1 each time someone clicks through to their site. For a
17525,$119 ,H.M.O.,"H.M.O. It paid $119 to settle the grandmother's $2,168 bill, without specifying how much of the payment was for the IV. It"
17684,"$250,000 ",Osama bin,"Bank to transfer $250,000 for Osama bin"
17693,$40 ,,The $40 entrance fee includes two tickets per boat for
17742,$2,InfoSpan,"fifth year, with InfoSpan receiving more than $2.8 billion in fees."
17748,"$10,000.00 ",,"Fee Shannon Ireland. $10,000.00 est."
17748,$ 500.00,,Landing fee Jacksonville. $ 500.00
17864,$134,,"federally funded programs); 78 U.S.C.§$1341, 1343, 1346 (2016) (criminalizing mail, wire, and “honest services"" fraud); 7/8 U.S.C. § 1/95]"
17880,"$250,000 ",Osama bin,"Bank to transfer $250,000 for Osama bin"
17880,"$6,400 ",Arab Bank,"$6,400 wire transfer through Arab Bank"
17888,$150.00 ,,OF $150.00 AND ORDER THEM TO PAY THE FIRE INSPECTION FEE
17888,$150.00 ,,costs in the amount of $150.00 and payment of the fire inspection fee in addition
17888,$150.00 ,,OF $150.00 AND ORDER THEM TO PAY THE FIRE INSPECTION FEE
18358,$1.45 billion,Chiquita,"has appeared. Scarola, who in the past sued Chiquita over payments to violent leftist Colombian rebels and won a $1.45 billion"
18487,"$50,000,000","Brad Edwards, Rothstein, Edwards, Virginia Roberts, Epstein, Roberts, Edwards, Epstein","Then, Brad Edwards, Rothstein’s former partner, sues the federal government in 2008 for abridging the rights of two of the original complainants under the Crime Victim Rights Act (giving victims the r"
18656,$5K,,"other place but they only have $5K USD total, which includes the $4K fee they originally offered me. I am"
18659,$0.99 ,,"Management Fee $0.99 $12,655"
18739,$2,"IHS Chemical, Merrill Lynch Global Research, BTU","Source: IHS Chemical, BofA Merrill Lynch Global Research. US spot refers to natural gas prices of US$2.6/mn BTU. The US$2.5bn feedstock"
18855,$150.00 ,,costs in the amount of $150.00 and payment of the $125.00 fine.
18863,$1 m,Epstein,were not only harassed but molested.” Now The Daily Beast has learned that Epstein had made a $1 million wire
18909,"$3,000 ",,"maximum eligible expenses of $3,000 for one child and $6,000 for two or more children. The fees paid to"
19091,"$250,000 ",,"fees up to $250,000 and recruiung clients"
19093,$0.99 ,,"Management Fee $0.99 $12,655"
19225,$150.00 ,,OF $150.00 AND ORDER THEM TO PAY THE FIRE INSPECTION FEE
19225,$150.00 ,,administrative costs in the amount of $150.00 and payment of the fine inspection
19234,$10K,,can send along an invoice and contribution letter for your $10K donation toward the chairs.
19520,$160 m,DGS,"_ And in May, DGS defaulted on $160 million in interest payments it"
19588,$96 m,LLC,"LLC—actual owner unknown—$96 million, thereby providing a clean payment of $55"
19715,$35 ,,"income, which I invested cautiously. I remember vividly charging my first legal fee: $35 an hour."
19782,"$260,000 ",Spencer,"Calpain 3 gave Spencer’s lab a $260,000 grant to"
19792,$196 ,,woo hvupsesbidediate fee $196 129 22 $00 (@) e097 gor ap b40 {UUOA “ZOWMA
19899,$250,Mike,"You paid Mike $2500, which he applied for the purchasing of his replacement servers, but his fee of $7500"
19900,"$750,000 M",MacArthur Foundation,"science major, he was one recipient of an unrestricted $750,000 MacArthur Foundation grant. He"
19975,"$500,000 ",,"with a proposal for a $500,000 annual grant to establish a Center for Chinese studies in"
20024,$10K,,can send along an invoice and contribution letter for your $10K donation toward the chairs.
20028,"$11,826 ",Social Security,"average of $11,826 (in 2005 dollars) in Social Security payments"
20134,$35 ,"Bar Mitzvah, Elon, Elon, Bazelon","When Elon was diagnosed, I had no money.  My salary was meager and I had no outside income.  I had to borrow money from Judge Bazelon to assure Elon the best care.  I vowed that I would never again pu"
20208,"$1,500 ",,"green-card like program, authorities will need to set the program fees at US$1,500 (in"
20403,"$10,000,000.00",,"With your donation of $10,000,000.00, Twin City commits to aggressively expand during the"
20428,$250,Mike,"You paid Mike $2500, which he applied for the purchasing of his replacement servers, but his fee of $7500"
20477,"$750,000 M",MacArthur Foundation,"science major, he was one recipient of an unrestricted $750,000 MacArthur Foundation grant. He"
20496,$20,KUE,Fixed Overhead Payment: KUE and/or one or more of its subsidiaries will pay $20
20496,"$2,500,000 ",,"the extent that the U.S. $2,500,000 fee payable pursuant to"
20496,$20 m,,payment to such other person or entity. The $20 million
20589,"$1,649",Net Interest,"Net Interest Payments $1,649"
20591,"$5,120,000 ",,"*Gift tax exemption in 2012 shelters up to $5,120,000 per individual of value transferred from gift tax."
20591,"$50,000,000 ",,"Value of initial transfer to GRAT $50,000,000 Year Return"
20591,"$69,285,714",,"Total assets transferred to trust $69,285,714"
20591,"$1,300,500",,"Annual interest payment on note $1,300,500"
20591,"$45,000,000",,"Note face value (year 20 balloon payment) $45,000,000"
20591,"$12,100,476",,"Annual interest payment on notes $12,100,476"
20591,"$1,300,500","payment=$1,300,500","annual interest payment=$1,300,500; valuation discount = 30%; transfer tax rate (for transfers at the end of year 20) = 55%."
20615,$3.40,,"Processing is expensive. The average transaction cost is ~$3.40, rendering transfer of small fund balances uneconomical."
20733,"$2,000 ",,"with a private instructor. It cost $2,000 in tuition and fees, which"
20733,"$20,000 ",,"Internet hero, as well as be paid a $20,000 fee for just his electronic"
20733,$30 m,USIS,"(On August 20, 2015, USIS agreed to forfeit $30 million in fees to"
20733,"$20,000 ",,"108 $20,000 fee: Station KGUN9, “Documents: Snowden Paid 20K for UA Skype"
20790,$300,,dental coverage—the same provider and network—for $300-500 per month. To transfer my 401(k) to
20812,$640 m,Deutsch Bank,making payments on a $640 million Deutsch Bank loan — $40 million of which he guaranteed personally — he
20960,$14,"Social Security, Medicare, Freddie Mac",Social Security and Medicare on an accrual basis over the next 75 years. *One-time expenses in F2008 include $14B payments to Freddie Mac; F2009
20960,$279,Fannie Mae & Freddie Mac,"includes $279B net TARP payouts, $97B payment to Fannie Mae & Freddie Mac and $40B stimulus spending on discretionary items; F2010 includes $26B net"
20960,$137,Fannie Mae & Freddie Mac,"TARP income, $137B stimulus spending and $41B payment to Fannie Mae & Freddie Mac. F2010 net worth improved dramatically owing to revised actuarial"
21011,"$250,000 ",,"$250,000 after he negotiated a $1.6 million payment to a former"
21081,"$90,000 ",Reiter,"shown up with his $90,000 donation. And when Reiter had"
21191,$10K,,can send along an invoice and contribution letter for your $10K donation toward the chairs.
21324,$30 m,USIS,"(On August 20, 2015, USIS agreed to forfeit $30 million in fees to"
21331,$2,InfoSpan,"fifth year, with InfoSpan receiving more than $2.8 billion in fees."
21346,"$2,500,000 ",,"professional fees and other administrative expenses). To the extent that the U.S. $2,500,000 fee payable"
21346,$20 m,,by the amount of such payment to such other person or entity. The $20 million annual fee will terminate
21447,$500 ,Lenny,"In less than two years, Lenny was arrested 15 times. Club owners were afraid to book him. He couldn’t get a gig in six months. On a Christmas day, he was alone in his hotel room, and I brought him a $"
21448,$2,InfoSpan,"fifth year, with InfoSpan receiving more than $2.8 billion in fees."
21505,$50 m,,' Assumes $50 million of fees and expenses.
21552,$250,Mike,"You paid Mike $2500, which he applied for the purchasing of his replacement servers, but his fee of $7500"
21595,"$24,360,000 ",,"Leased Fee (Going Concern) November 25, 2015 $24,360,000"
21619,$2,"Citigroup, the Asset Guarantee",Note: 7) Includes warrant proceeds from banks; *Citigroup’s repayments include $2.3B repayment on the Asset Guarantee
21807,$45,,"$45.1 Billion 4,000,000 Square Feet"
21944,$7m,TRA,Artspace losses can/shld reduce the 3.8% medicare tax and $7mm of TRA payments shld also be exempt from
21944,$400k,,overpayment by $400k.
21949,$250 billion,,$250 billion in repayment and warrant proceeds for a net outstanding
21967,$14,,"the fee related earnings at $14/unit, the balance sheet (principal investments and"
21967,$4 ,,"(1.5x MOIC). Based on this method, we value the fee-related earnings at $4 share, the"
22036,"$900,000 ","Mike Pompeo, Koch","designate chief Mike Pompeo. (Pompeo's Kansas campaign received a $900,000 donation from Koch)."
22086,$50 m,Agents,estimated $50 million in fees and expenses (including amounts payable to the Agents and including
22086,$7,"KUE, LLC","of KUE LLC, payment at the initial closing of the offering of approximately $7.0 million of accrued return"
22241,"$1,937",,"administrative fees $1,937"
22267,$1.42 m,,"contribute the $1.42 million grant toa local MFI, DOJ noted that it had"
22340,$75 ,,"Wired telephone 2 $75 $1,800"
22430,"$10,000 ",,"in part because of a $10,000 grant from the United"
22474,"$1,250,000",The Management Fee,"$1,250,000. The Management Fee will be reduced by"
22542,$10K,,can send along an invoice and contribution letter for your $10K donation toward the chairs.
22644,"$200,000 ",Trump,"jacked up its initiation fee to $200,000 from $100,000 after Trump became"
22651,"$24,360,000",,"Market Value Leased Fee (Going Concern) November 25, 2015 $24,360,000"
22677,$1 m,"Brunel, Epstein",Beast has learned that Epstein had made a $1 million wire transfer to Brunel's offshore bank account in
22750,$200 billion,"DealBook, The New York Times, PENH, the Khmer-American Friendship Highway, Trump, the Man Ou Garment Company, the Man Ou Garment Company, the Man Ou Garment Company, The New York Times, iPhones, The New York Times, The New York Times, Li & Fung, nv.ind.manf.cd?end=2016&start=1960&year_high_desc, The New York, The New York Times, HP, Toshiba, Acer, Inventec, The New York Times, Baum-Essex, Costco, Walmart, Costco, Oakley, The New York Times, the Khmer-American Friendship Highway, the Garment Manufacturers Association, Are 2 Emerging Endgames, Trump’s Anger Grows Aug. 1, New York Times, Manufacturing"",""Labor, Adam Dean, Adam Dean, Adam Dean, Phnom Penh’s, Piet Holten, Steve Madden, Puma, Prey Nob, Adam Dean, Prey Nob, Adam Dean, Prey Nob, Adam Dean, Elli Bobrovizki, Adam Dean, Adam Dean, Adam Dean, Bobrovizki, Hun Sen, Bobrovizki, the Man Ou, Adam Dean, the Man Ou, Adam Dean, the Man Ou, Adam Dean, Spencer Fung, Bradley Gordon, Adam Dean, Adam Dean, Adam Dean, Aaron Emigh, Trump, Ada Chang, Hun Sen, Adam Dean, Hun Sen, Adam Dean, Hun Sen, Adam Dean, Baum, Holten, Burberry, Adam Dean, Adam Dean, Adam Dean, Holten, Ken Loo, Loo, Trump’s, Jobs""],""section"":[""business""]},""canonicalURL"":""https://www.nytimes.com/2018/09/24","﻿{""componentLayouts"":{""ComponentLayout-1"":{""columnRange"":{""length"":8,""start"":0},""contentInset"":{""bottom"":false,""left"":true,""right"":true,""top"":false},""identifier"":""ComponentLayout-1"",""ignoreDocumentMar"
22820,$96 m,,"unknown—$96 million, thereby providing a clean payment of $55 million to"
23057,$250,Mike,"You paid Mike $2500, which he applied for the purchasing of his replacement servers, but his fee of $7500"
23184,$1m,,There is $1mm in the bank account. We can prepare checks or wires for you to sign upon request. This way
23229,$29 m,• Raised,"• Raised over $29 million in donations from individuals, corporations and foundations."
23229,$5 m,"• Awarded, the American Heart Association",• Awarded $5 million grant from the American Heart Association after reworking a previously
23302,$1 m,"The Weinstein Company’s Pre-Oscar, MontBlanc, the Princess Grace Foundation-USA, Miramax, Anna Paquin, a Max Award","Next stop is The Weinstein Company’s Pre-Oscar party at the Soho House, sponsored by MontBlanc, celebrating their new charity partnership and $1 million dollar donation to the Princess Grace Foundatio"
23346,$740M,,"Sprout IX: Total actual HCT investments of $740M; 2% management fees,"
23346,$120M,,resulting in $120M of management fees and expenses from inception-to-date;
23346,"$1,075M",Yields Total Distributed,"Yields Total Distributed to LPs of $1,075M ($1,375M - $120M fees - $130M carry -"
23455,"$50,000,000","Brad Edwards, Rothstein, Edwards, Virginia Roberts, Epstein, Roberts, Edwards, Epstein","Then, Brad Edwards, Rothstein’s former partner, sues the federal government in 2008 for abridging the rights of two of the original complainants under the Crime Victim Rights Act (giving victims the r"
23459,$1 m,the Princess Grace,celebrating their new charity partnership and $1 million dollar donation to the Princess Grace
23726,"$ 700,000",,"Pretreatment Transfer Pumping $ 700,000"
23726,"$ 2,000,000",Chemical Feed Systems,"Chemical Feed Systems $ 2,000,000"
23726,"$ 1,000,000",,"Transfer Pump Station $ 1,000,000"
23746,$2,InfoSpan,"fifth year, with InfoSpan receiving more than $2.8 billion in fees."
23985,"$3,000 ",,"& $3,000 --------------- +--+ 2-2-2222 ee eee eee eee fee Ltt 30 5"
23985,"$4,684 ",,"average of $4,684 in tax-payer funded payments from the federal"
24030,$1 m,the Princess Grace,celebrating their new charity partnership and $1 million dollar donation to the Princess Grace
24147,$150.00 ,"Gerry, Hoffman, Gerry, Ochstein, Gerry, Fried, Gerry, Ballentine, Gerry","Code Enforcement Officer Gerry presented the facts of the case and said the Town recommends a finding of non-compliance, administrative costs in the amount of $150.00 and payment of the fire inspectio"
24147,$150.00 ,,"MOTION BY MR. FRIED TO FIND THE VIOLATOR IN NON-COMPLIANCE, ASSESS ADMINISTRATIVE COSTS IN THE AMOUNT OF $150.00 AND ORDER THEM TO PAY THE FIRE INSPECTION FEE IN ADDITION TO ANY LATE PENALTIES BY JULY"
24147,$150.00 ,Gerry,Code Enforcement Officer Gerry presented the facts of the case and said he followed up after the certified letters were sent but the business could not be contacted.  The Town recommends a finding of 
24147,$150.00 ,MOTION,"MOTION BY MS. GREENBERG TO FIND THE VIOLATOR IN NON-COMPLIANCE, ASSESS ADMINISTRATIVE COSTS IN THE AMOUNT OF $150.00 AND ORDER THEM TO PAY THE FIRE INSPECTION FEE IN ADDITION TO ANY LATE PENALTIES BY "
24147,$150.00 ,"Board, Code Enforcement, the Finance Department, the Fire Prevention Bureau, Fire Prevention, Gerry, Gerry, Ochstein, Gerry, Hoffman, Gerry, Hoffman, Gerry","Code Enforcement Officer Gerry presented the facts of the case and recommended a finding of non-compliance, administrative costs in the amount of $150.00 and payment of the fire inspection fee in addi"
24147,$150.00 ,,"MOTION BY MR. OCHSTEIN TO FIND THE VIOLATOR IN NON-COMPLIANCE, ASSESS ADMINISTRATIVE COSTS IN THE AMOUNT OF $150.00 AND ORDER THEM TO PAY THE FIRE INSPECTION FEE IN ADDITION TO ANY LATE PENALTIES BY J"
24147,$150.00 ,"Gerry, Robin Gert",Code Enforcement Officer Gerry presented the facts of the case and said he had spoken with Robin Gert who advised him the bill had been mishandled and gotten lost in their system.  He said he spoke to
24147,$150.00 ,,"MOTION MADE BY MS. GREENBERG TO FIND THE VIOLATOR IN NON-COMPLIANCE, ASSESS ADMINISTRATIVE COSTS IN THE AMOUNT OF $150.00 AND ORDER THEM TO PAY THE FIRE INSPECTION FEE IN ADDITION TO ANY LATE PENALTIE"
24147,$125.00 ,Weymer,"Code Enforcement Officer Weymer presented the facts of the case and said he witnessed the violation on June 26, 2008.  AMF had previously been warned on February 19, 2008 for using a leaf blower over "
24147,$850,"Board, Vivian Dorris, Charlie, Lynn’s, Duke","Vivian Dorris, 155 Brazilian Ave., said her beagle/bassett, Charlie, was viciously attacked by Dr. Lynn’s dog, Duke and she has sustained approximately $8500 in vet’s bills.  She said her dog will nev"
24147,$100,"Duke, Duke, Council, the Code Enforcement Board, Town, Board, Court, Board, the Code Enforcement Board, Board, Board’s, Board, James Merola, Lynn, Lynn, Lynn, Merola, Lynn, Merola, Lynn, Merola, Lynn, Lynn, Merola, Randolph, Hoy, Hoy, Lynn, Merola, Merola, Merola, Merola, Randolph","James Merola was present on behalf of Dr. Lynn and said he was present on a revised Notice of Code Violation and Hearing dated July 15, 2008.  He said he was not denying there were incidents with Duke"
24147,"$10,000 ","the Department of Environmental Protection, DEP, the State Fish & Wildlife, Maxey, Maxey, Maxey, Maxey, Jean Higgins, Higgins","Mr. Maxey said he has had a long correspondence with the legal department of the Department of Environmental Protection and he believes on an emotional level, they do not believe the trees should come"
24147,$250.00 ,,"MOTION BY MR. OCHSTEIN TO GRANT THE VIOLATOR UNTIL NOVEMBER 7, 2008 TO COME INTO COMPLIANCE AND IF COMPLIANCE IS NOT ACHIEVED BY THAT DATE, TO ASSESS A FINE IN THE AMOUNT OF $250.00 A DAY UNTIL COMPLI"
24147,$250.00 ,,"MOTION BY MR. OCHSTEIN TO GRANT THE VIOLATOR UNTIL NOVEMBER 7, 2008 TO COME INTO COMPLIANCE AND IF COMPLIANCE IS NOT ACHIEVED BY THAT DATE, TO ASSESS A FINE IN THE AMOUNT OF $250.00 A DAY UNTIL COMPLI"
24147,$250.00,RETROACTIVE,"MOTION BY MR. OCHSTEIN TO GRANT AN EXTENSION OF TIME UNTIL AUGUST 8, 2008 TO COME INTO COMPLIANCE AND TO ASSESS A FINE OF $250.00, RETROACTIVE TO JULY 17, 2008 IF COMPLIANCE WAS NOT ACHIEVED"
24147,$250.00,RETROACTIVE,"MOTION BY MR. OCHSTEIN TO GRANT AN EXTENSION OF TIME UNTIL AUGUST 8, 2008 TO COME INTO COMPLIANCE AND TO ASSESS A FINE OF $250.00, RETROACTIVE TO JULY 17, 2008 IF COMPLIANCE WAS NOT ACHIEVED"
24147,$150 ,"The Landfall Group, Ajax, Board, The Landfall Group, the Town of Palm Beach, Board, The Landfall Group, Code Enforcement, Town Council, Hurricane Wilma, Board, Board, Frank Lynch, Lazslo Wagner, Koeppel, Duemler, Lynch, Walton, Duemler, Lynch, Gerry","Frank Lynch advised he was the attorney for both The Landfall Group and	Ajax.  He said when they appeared before the Board in October, Lazslo Wagner, the principal of The Landfall Group, who has built"
24147,"$17,125.00 ","Fried, Walton, Lynch, Hoffman, Hoffman, Fried, Walton, Hoffman",Mr. Fried advised he could make a motion to postpone the matter to the next meeting and have Mr. Walton bring back the correct information.  There was additional discussion about the amount of the fin
24225,"$50,000 ","AT&T, Michael Avenatti","Daniels lawyer, Michael Avenatti, said AT&T had made four separate payments of $50,000"
24225,"$130,000 ",Daniels,"was used to make a $130,000 hush-money payment to Daniels."
24225,"$400,000",Essential Consultants,"2018 made four separate payments to Essential Consultants totaling nearly $400,000."
24314,$2 billion,"Interpreter, U.N., the U.N. General Assembly’s, The New York Times, Times, White House, White House, the Justice Department, Supreme Court, the National Party, The New York Times, The U.N. General Assembly, Trump, the General Assembly, the Security Council, U.N., Trump, U.N., the Communist Party, The New York Times, JD.com, Reuters, Amazon, Versace, The Hong Kong Stock Exchange, Ebrahim Noroozi/Associated Press, latest&contentPlacement=1&pgtype, Revolutionary Guards, U.A.E., the U.S. Above, Maldives, Guardian]"",""type"":""text""},{""additions"":[{""URL"":""https://www.nytimes.com/2018/09/24, latest&contentPlacement=1&pgtype, The Australian Broadcasting Company, Times readers]"",""type"":""text""},{""identifier"":""_anf-heading4-3"",""layout"":""heading4"",""role"":""heading4"",""text"":""Smarter, The New York Times, Scrabble, The New York Times, Transformer, The New York Times, Ellery Queen Mystery Magazine, Times, "",""type"":""text""},{""additions"":[{""URL"":""https://docplayer.net/52832758-Reflections-on-william-faulkner-an-interview, Wartik, Times, an Evening Briefing, written_through&asset_id=100000006123279"",""range"":{""length"":4,""start"":43},""type"":""link""}],""identifier"":""_anf-body-59"",""inlineTextStyles"":[{""range"":{""length"":48,""start"":0},""textStyle"":""_anf-ts-10""},{""range"":{""length"":48,""start"":0},""textStyle"":""_anf-ts-10""},{""range"":{""length"":48,""start"":0},""textStyle"":""_anf, Times, New York Times, U.N., Hong Kong"",""type"":""text""},{""identifier"":""_anf-author-1"",""inlineTextStyles"":[{""range"":{""length"":16,""start"":26},""textStyle"":""pub-dt""}],""layout"":""default-author"",""role"":""author"",""text"":""By, Rod Rosenstein’s, Eric Thayer, Eric Thayer, Eric Thayer, Rod Rosenstein, Trump, Trump, Rosenstein, Rosenstein, John Kelly, Trump, Robert Mueller, Brett Kavanaugh, Trump’s, Kavanaugh, Philip Fong/Agence, Philip Fong/Agence, Philip Fong/Agence, Andy Chan, Tom Brenner, Tom Brenner, Tom Brenner, Trump, Moon Jae, kim-jong-un-moon-economic-development-north-korea-denuclearization.html?partner, Kim Jong-un, Lee Kuan Yew, Deng Xiaoping, Damir Sagolj, Damir Sagolj/Reuters""},""identifier"":""100000006123831_5ba95b12230f2"",""imageIdentifier"":""044a7121cfc4c63e02be23643e0492b4"",""layout"":""fullbleed-image"",""role"":""photo"",""type"":""scalable_image""},{""identifier"":""_anf-, Damir Sagolj/, Adam Dean, Adam Dean, Adam Dean, Richard Liu, Michael Kors, Buzz, Michelle Guthrie, Crikey, Peter DaSilva, Peter DaSilva, Peter DaSilva, Charles Kao, Faulkner, Agatha Christie, Dashiell Hammett, Dorothy Sayers, Faulkner, Faulkner, Crikey, Hong Kong"",""version"":""1.0","﻿{""componentLayouts"":{""ComponentLayout-1"":{""columnRange"":{""length"":8,""start"":0},""contentInset"":{""bottom"":false,""left"":true,""right"":true,""top"":false},""identifier"":""ComponentLayout-1"",""ignoreDocumentMar"
24426,$160 m,DGS,"_ And in May, DGS defaulted on $160 million in interest payments it"
24707,"$150,000 ",Hanban,"green cards or pay US taxes). Typically, the Hanban provides a $150,000 start-up grant"
24723,"$250,000 ",,"$250,000 after he negotiated a $1.6 million payment to a former"
24723,"$130,000 ",Stormy,"credit line to make a $130,000 payment in October 2016 to Stormy"
24755,"$212,300","The Peterson Foundation’s, the Heritage Foundation’s, CBO, FICA","I have a feeling that revenue increases will be a material (e.g., 25% or more) part of the deal.  The Peterson Foundation’s sampling of 6 policy groups shown below indicate that 5 of 6 recommend reven"
24776,$9.99,"City"",""url"":""https://itunes.apple.com, Channel Four Television Corporation"",""artistId"":""930573582"",""genres"":[{""genreId"":""4001"",""name"":""Drama"",""url"":""https://itunes.apple.com/us, TV"",""TV Shows""],""trackCount"":30,""nameSortValue"":""RuPaul\u0027s Drag Race, mzl.ebsynevl.lsr/{w}x{h}bb.{f}"",""height"":3000,""textColor3"":""d993c9"",""textColor2"":""ff90fa"",""textColor4"":""d973c7"",""hasAlpha"":false,""textColor1"":""ffb9fc"",""bgColor"":""440000"",""hasP3"":false,""supportsLayeredImage"":true},""artistName"":""Pose"",""url"":""https://itunes.apple.com, bd/99/28bd99ef, FX Productions, LLC, Showtime Networks Inc., e2/5412e2ff-318b-1213-b27a-7b32d0e84eb0/mzl.yqqclhrk.lsr/{w}x{h}bb.{f}"",""height"":3000,""textColor3"":""332e2b"",""textColor2"":""252324"",""textColor4"":""444243"",""hasAlpha"":false,""textColor1"":""0f0905"",""bgColor"":""c3c0c0"",""hasP3"":false,""supportsLayeredImage"":true},""artistName"":""Murphy Brown, Warner Bros. Entertainment Inc., Niecy Nash, mafia, Warner Bros. Entertainment Inc., Ryan Murphy, Brad Falchuk, Indya Moore, Angel, Donald Trump, Season, Shows""],""trackCount"":14,""nameSortValue"":""Murphy Brown, Brown, Desna, Zlata, Franka Potente, Dean, Desna, Arlene","﻿{""results"":{""1441443639"":{""artwork"":{""width"":3000,""url"":""https://is3-ssl.mzstatic.com/image/thumb/Video118/v4/d0/38/b8/d038b82c-591f-7dfd-6da0-5e38dd420f75/mzl.dkkgefnj.png/{w}x{h}bb.{f}"",""height"":30"
24784,$55 m,,"providing a clean payment of $55 million to someone. Rybolovlev might have, in effect,"
24861,$29 m,Robin,"$29 million in donations from individuals, corporations and foundations. Robin conceived, co-chaired and ran “A"
24861,$18 m,,"over $18 million in grant funding, increased clinical trials by 40% and grew patient enrollment by over 320%"
24868,$3.50,,application/test fees. We note clones currently can range from $3.50-$5.50
24929,"$2,000 ","Hotel, Hyatt Regency, Koenig Solutions, Snowden, NSA, Dell, Rohit Aggarwal","In September 2009, Snowden made a ten day trip to India.  He later said he was on an official visit “working at the US embassy.”  He was still on the Dell payroll.  Hotel records show that he arrived "
24929,$30 m,"USIS, USIS, USIS, NSA, USIS","To be sure, the profit calculus might have worked better if it had been coupled with adequate oversight.  But without such oversight, it proved to be a barrier to extended investigations of applicants"
24929,"$300,000 ","Army, CIA, CIA, CIA, SVR, CIA, CIA, CIA, CIA, Nicholson, CIA, CIA, Langley, CIA, CIA, FBI, CIA, Nicholson, CIA, Harold Nicholson, Nicholson","In this regard, the successful entrapment of Harold Nicholson in the 1990s is highly instructive.   From his impressive record, he seemed an unlikely candidate for recruitment. He had been a super-pat"
24929,$18 ,Snowden,"I next went there. The polite V-express desk clerk, who spoke English, showed me the standard windowless double-room.  It was approximately 24 square feet, the size of a large shipping container.  Mos"
25466,$30 m,,"where we owed 20, $30 million in Ponzi payments out"
25623,"$8,325 ",,"of $8,325 in tax-payer funded payments for healthcare in 2009 ($5,079"
25654,$1,"The New York Times, BOT, Orascom, the International Monetary Fund, the European Commission, the Ezz and Sawires, Sawires, Orascom-Mobinil, France Telecom, Investcom, MTN, Muammar Gaddafi, Gaddafi, Djezzy, Orascom, Trabelsi, Materi, Najib Mikati",April 2011 -- The reasons for the Arab spring go deeper than immediate demands for freedom and democracy. The protesters want to end the political economy and the authoritarian regimes in place since 
25710,$640 m,Deutsch Bank,making payments on a $640 million Deutsch Bank loan — $40 million of which he guaranteed personally — he
